0,1,2
,,
ELR/ Element Name,Business Rule,
[100100] Balance sheet,,
ClassesOfAssetsMember,,
name,,
BalanceSheetAbstract,,
EquityAndLiabilitiesAbstract,,
ShareholdersFundsAbstract,,
ShareCapital,"It is a mandatory field.
Should be less than or equal to ""Value of shares subscribed - equity + Preference"". 

Should be equal to zero in case of company not having share capital.
In case of section 8 company- If the company not having share capital then it should always zero.  But If the company having share capital then it should always be greater than zero.
Status of the company (Pvt/Public/Section 8) to be checked on the Date of end of reporting period",
ReservesAndSurplus,This is a mandatory field.,
MoneyReceivedAgainstShareWarrants,,
ShareholdersFunds,,
ShareApplicationMoneyPendingAllotment,This is a mandatory field. ,
DeferredGovernmentGrants,,
MinorityInterest,Mandatory in case of Consolidated Financial statement instance document.,
NoncurrentLiabilitiesAbstract,,
LongTermBorrowings,This is a mandatory field. Should be greater than or equal to zero,
DeferredTaxLiabilitiesNet,,
ForeignCurrencyMonetaryItemTranslationDifferenceLiabilityAccount,,
OtherLongTermLiabilities,,
LongTermProvisions,This is a mandatory field. ,
NoncurrentLiabilities,This is a mandatory field,
CurrentLiabilitiesAbstract,,
ShortTermBorrowings,This is a mandatory field. Should be greater than or equal to zero,
TradePayables,This is a mandatory field.  Should be greater than equal to zero.,
OtherCurrentLiabilities,,
ShortTermProvisions,This is a mandatory field. ,
CurrentLiabilities,This is a mandatory field.,
EquityAndLiabilities,Should be equal to value entered in element 'Assets' in Balance sheet,
AssetsAbstract,,
NoncurrentAssetsAbstract,,
FixedAssetsAbstract,,
TangibleAssets,It is a mandatory field. Should be greater than equal to zero. ,
ProducingProperties,,
IntangibleAssets,It is a mandatory field. Should be greater than equal to zero. ,
PreproducingProperties,,
TangibleAssetsCapitalWorkInProgress,,
IntangibleAssetsUnderDevelopmentOrWorkInProgress,,
FixedAssets,It is a mandatory field. Should be greater than equal to zero. ,
NoncurrentInvestments,This is a mandatory field. Should be greater than equal to zero. ,
DeferredTaxAssetsNet,,
ForeignCurrencyMonetaryItemTranslationDifferenceAssetAccount,,
LongTermLoansAndAdvances,This is a mandatory field,
OtherNoncurrentAssets,,
NoncurrentAssets,This is a mandatory field.,
CurrentAssetsAbstract,,
CurrentInvestments,This is a mandatory field. Should be greater than equal to zero. ,
Inventories,This is a mandatory field.,
TradeReceivables,This is a mandatory field. Should be greater than equal to zero. ,
CashAndBankBalances,This is a mandatory field,
ShortTermLoansAndAdvances,This is a mandatory field,
OtherCurrentAssets,,
CurrentAssets,This is a mandatory field,
Assets,This is a mandatory field. ,
[100200] Statement of profit and loss,,
name,,
StatementOfProfitAndLossAbstract,,
DisclosureOfRevenueFromOperationsAbstract,,
DisclosureOfRevenueFromOperationsForOtherThanFinanceCompanyAbstract,,
RevenueFromSaleOfProducts,,
RevenueFromSaleOfServices,,
OtherOperatingRevenues,,
ExciseDuty,,
ServiceTaxCollected,,
OtherDutiesTaxesCollected,,
RevenueFromOperationsOtherThanFinanceCompany,,
DisclosureOfRevenueFromOperationsForFinanceCompanyAbstract,,
RevenueFromInterest,,
RevenueFromOtherFinancialServices,,
RevenueFromOperationsFinanceCompany,,
RevenueFromOperations,This is a mandatory field.,
OtherIncome,This is a mandatory field.,
Revenue,This is a mandatory field.,
ExpensesAbstract,,
CostOfMaterialsConsumed,This is a mandatory field. ,
PurchasesOfStockInTrade,,
ChangesInInventoriesOfFinishedGoodsWorkInProgressAndStockInTrade,This is a mandatory field. ,
EmployeeBenefitExpense,This is a mandatory field. ,
FinanceCosts,This is a mandatory field. ,
DepreciationDepletionAndAmortisationExpenseAbstract,,
DepreciationExpense,,
AmortisationExpense,,
DepletionExpense,,
DepreciationDepletionAndAmortisationExpense,This is a mandatory field. ,
ExpenditureOnProductionTransportationAndOtherExpenditurePertainingToExplorationAndProductionActivities,,
CSRExpenditure,This item will be Mandatory. Should be greater than or equal to zero. ,
OtherExpenses,,
Expenses,This is a mandatory field. ,
ProfitBeforePriorPeriodItemsExceptionalItemsExtraordinaryItemsAndTax,,
PriorPeriodItemsBeforeTax,,
ExceptionalItemsBeforeTax,,
ProfitBeforeExtraordinaryItemsAndTax,,
ExtraordinaryItemsBeforeTax,,
ProfitBeforeTax,This is a mandatory field. ,
TaxExpenseAbstract,,
CurrentTax,,
DeferredTax,,
TaxExpense,This is a mandatory field. ,
ProfitLossForPeriodFromContinuingOperations,This is a mandatory field.,
ProfitLossFromDiscontinuingOperationsBeforeTax,,
TaxExpenseOfDiscontinuingOperations,Mandatory in case value is entered in field 'ProfitLossFromDiscontinuingOperationsBeforeTax',
ProfitLossFromDiscontinuingOperationAfterTax,,
ProfitLossForPeriodBeforeMinorityInterest,,
ProfitLossOfMinorityInterest,Mandatory in case of Consolidated financial statement instance document. ,
ShareOfProfitLossOfAssociates,,
ProfitLossForPeriod,This is a mandatory field.,
AdditionalDisclosureOnDiscontinuingOperationsAbstract,,
PreTaxGainOrLossRecognisedOnDisposalOfAssetsOrSettlementOfLiabilitiesAttributableToDiscontinuingOperations,,
EarningsPerEquityShareAbstract,,
BasicEarningPerEquityShare,This is a mandatory field.,
DilutedEarningsPerEquityShare,This is a mandatory field.,
BasicEarningPerEquityShareBeforeExtraordinaryItems,,
DilutedEarningsPerEquityShareBeforeExtraordinaryItems,,
NominalValueOfPerEquityShare,Should be greater than or equal to zero,
"[100300] Cash flow statement, direct",,
name,,
StatementOfCashFlowsAbstract,,
WhetherCashFlowStatementIsApplicableOnCompany,This item is mandatory.,
CashFlowsFromUsedInOperatingActivitiesAbstract,,
ClassesOfCashReceiptsFromOperatingActivitiesAbstract,,
ReceiptsFromSalesOfGoodsAndRenderingOfServices,,
ReceiptsFromRoyaltiesFeesCommissionsAndOtherRevenue,,
ReceiptsFromFutureContractsForwardContractsOptionsContractsAndSwapContractsHeldForDealingOrTradingPurpose,,
ReceiptsFromPremiumsAndClaimsAnnuitiesAndOtherPolicyBenefits,,
OtherCashReceiptsFromOperatingActivities,,
ClassesOfCashPaymentsAbstract,,
PaymentsToSuppliersForGoodsAndServices,,
PaymentsToFutureContractsForwardContractsOptionsContractsAndSwapContractsHeldForDealingOrTradingPurpose,,
PaymentsToAndOnBehalfOfEmployees,,
PaymentsForPremiumsAndClaimsAnnuitiesAndOtherPolicyBenefits,,
OtherCashPaymentsFromOperatingActivities,,
CashFlowsFromUsedInOperations,,
DividendsReceivedClassifiedAsOperatingActivities,,
InterestPaidClassifiedAsOperatingActivities,,
InterestReceivedClassifiedAsOperatingActivities,,
IncomeTaxesPaidRefundClassifiedAsOperatingActivities,,
OtherInflowsOutflowsOfCashClassifiedAsOperatingActivities,,
CashFlowsFromUsedInOperatingActivitiesBeforeExtraordinaryItems,,
ProceedsFromExtraordinaryItemsClassifiedAsOperatingActivities,,
PaymentForExtraordinaryItemsClassifiedAsOperatingActivities,,
CashFlowsFromUsedInOperatingActivities,,
CashFlowsFromUsedInInvestingActivitiesAbstract,,
CashFlowsFromLosingControlOfSubsidiariesOrOtherBusinessesClassifiedAsInvestingActivities,,
CashFlowsUsedInObtainingControlOfSubsidiariesOrOtherBusinessesClassifiedAsInvestingActivities,,
OtherCashReceiptsFromSalesOfEquityOrDebtInstrumentsOfOtherEntitiesClassifiedAsInvestingActivities,,
OtherCashPaymentsToAcquireEquityOrDebtInstrumentsOfOtherEntitiesClassifiedAsInvestingActivities,,
OtherCashReceiptsFromSalesOfInterestsInJointVenturesClassifiedAsInvestingActivities,,
OtherCashPaymentsToAcquireInterestsInJointVenturesClassifiedAsInvestingActivities,,
CashReceiptsFromShareOfProfitsOfPartnershipFirmOrAssociationOfPersonsOrLimitedLiabilityPartnerships,,
CashPaymentForInvestmentInPartnershipFirmOrAssociationOfPersonsOrLimitedLiabilityPartnerships,,
ProceedsFromSalesOfTangibleAssetsClassifiedAsInvestingActivities,,
PurchaseOfTangibleAssetsClassifiedAsInvestingActivities,,
ProceedsFromSalesOfIntangibleAssetsClassifiedAsInvestingActivities,,
PurchaseOfIntangibleAssetsClassifiedAsInvestingActivities,,
CashAdvancesAndLoansMadeToOtherPartiesClassifiedAsInvestingActivities,,
CashReceiptsFromRepaymentOfAdvancesAndLoansMadeToOtherPartiesClassifiedAsInvestingActivities,,
CashPaymentsForFutureContractsForwardContractsOptionContractsAndSwapContractsClassifiedAsInvestingActivities,,
CashReceiptsFromFutureContractsForwardContractsOptionContractsAndSwapContractsClassifiedAsInvestingActivities,,
DividendsReceivedClassifiedAsInvestingActivities,,
InterestReceivedClassifiedAsInvestingActivities,,
IncomeTaxesPaidRefundClassifiedAsInvestingActivities,,
OtherInflowsOutflowsOfCashClassifiedAsInvestingActivities,,
ProceedsFromGovernmentGrantsClassifiedAsInvestingActivities,,
CashFlowsFromUsedInInvestingActivitiesBeforeExtraordinaryItems,,
ProceedsFromExtraordinaryItemsClassifiedAsInvestingActivities,,
PaymentForExtraordinaryItemsClassifiedAsInvestingActivities,,
CashFlowsFromUsedInInvestingActivities,,
CashFlowsFromUsedInFinancingActivitiesAbstract,,
ProceedsFromIssuingShares,,
ProceedsFromIssuingOtherEquityInstruments,,
ProceedsFromIssuingDebenturesNotesBondsEtc,,
ProceedsFromBorrowingsClassifiedAsFinancingActivities,,
RepaymentsOfBorrowingsClassifiedAsFinancingActivities,,
DividendsPaidClassifiedAsFinancingActivities,,
InterestPaidClassifiedAsFinancingActivities,,
IncomeTaxesPaidRefundClassifiedAsFinancingActivities,,
OtherInflowsOutflowsOfCashClassifiedAsFinancingActivities,,
CashFlowsFromUsedInFinancingActivitiesBeforeExtraordinaryItems,,
ProceedsFromExtraordinaryItemsClassifiedAsFinancingActivities,,
PaymentForExtraordinaryItemsClassifiedAsFinancingActivities,,
CashFlowsFromUsedInFinancingActivities,,
IncreaseDecreaseInCashAndCashEquivalentsBeforeEffectOfExchangeRateChanges,,
EffectOfExchangeRateChangesOnCashAndCashEquivalentsAbstract,,
EffectOfExchangeRateChangesOnCashAndCashEquivalents,,
IncreaseDecreaseInCashAndCashEquivalents,,
CashAndCashEquivalentsCashFlowStatement,,
CashAndCashEquivalentsCashFlowStatement,,
"[100400] Cash flow statement, indirect",,
name,,
StatementOfCashFlowsAbstract,,
WhetherCashFlowStatementIsApplicableOnCompany,This item is mandatory,
CashFlowsFromUsedInOperatingActivitiesAbstract,,
ProfitBeforeExtraordinaryItemsAndTax,,
AdjustmentsForReconcileProfitLossAbstract,,
AdjustmentsToProfitLossAbstract,,
AdjustmentsForFinanceCosts,,
AdjustmentsForDepreciationAndAmortisationExpense,,
AdjustmentsForImpairmentLossReversalOfImpairmentLossRecognisedInProfitOrLoss,,
AdjustmentsForUnrealisedForeignExchangeLossesGains,,
AdjustmentsForDividendIncome,,
AdjustmentsForSharebasedPayments,,
OtherAdjustmentsForWhichCashEffectsAreInvestingOrFinancingCashFlow,,
OtherAdjustmentsToReconcileProfitLoss,,
OtherAdjustmentsForNoncashItems,,
ShareOfProfitAndLossFromPartnershipFirmOrAssociationOfPersonsOrLimitedLiabilityPartnerships,,
AdjustmentsToProfitLoss,,
AdjustmentsForWorkingCapitalAbstract,,
AdjustmentsForDecreaseIncreaseInInventories,,
AdjustmentsForDecreaseIncreaseInTradeReceivables,,
AdjustmentsForDecreaseIncreaseInOtherCurrentAssets,,
AdjustmentsForIncreaseDecreaseInTradePayables,,
AdjustmentsForIncreaseDecreaseInOtherCurrentLiabilities,,
AdjustmentsForProvisions,,
AdjustmentsForWorkingCapital,,
AdjustmentsForReconcileProfitLoss,,
CashFlowsFromUsedInOperations,,
DividendsReceivedClassifiedAsOperatingActivities,,
InterestPaidClassifiedAsOperatingActivities,,
InterestReceivedClassifiedAsOperatingActivities,,
IncomeTaxesPaidRefundClassifiedAsOperatingActivities,,
OtherInflowsOutflowsOfCashClassifiedAsOperatingActivities,,
CashFlowsFromUsedInOperatingActivitiesBeforeExtraordinaryItems,,
ProceedsFromExtraordinaryItemsClassifiedAsOperatingActivities,,
PaymentForExtraordinaryItemsClassifiedAsOperatingActivities,,
CashFlowsFromUsedInOperatingActivities,,
CashFlowsFromUsedInInvestingActivitiesAbstract,,
CashFlowsFromLosingControlOfSubsidiariesOrOtherBusinessesClassifiedAsInvestingActivities,,
CashFlowsUsedInObtainingControlOfSubsidiariesOrOtherBusinessesClassifiedAsInvestingActivities,,
OtherCashReceiptsFromSalesOfEquityOrDebtInstrumentsOfOtherEntitiesClassifiedAsInvestingActivities,,
OtherCashPaymentsToAcquireEquityOrDebtInstrumentsOfOtherEntitiesClassifiedAsInvestingActivities,,
OtherCashReceiptsFromSalesOfInterestsInJointVenturesClassifiedAsInvestingActivities,,
OtherCashPaymentsToAcquireInterestsInJointVenturesClassifiedAsInvestingActivities,,
CashReceiptsFromShareOfProfitsOfPartnershipFirmOrAssociationOfPersonsOrLimitedLiabilityPartnerships,,
CashPaymentForInvestmentInPartnershipFirmOrAssociationOfPersonsOrLimitedLiabilityPartnerships,,
ProceedsFromSalesOfTangibleAssetsClassifiedAsInvestingActivities,,
PurchaseOfTangibleAssetsClassifiedAsInvestingActivities,,
ProceedsFromSalesOfIntangibleAssetsClassifiedAsInvestingActivities,,
PurchaseOfIntangibleAssetsClassifiedAsInvestingActivities,,
CashAdvancesAndLoansMadeToOtherPartiesClassifiedAsInvestingActivities,,
CashReceiptsFromRepaymentOfAdvancesAndLoansMadeToOtherPartiesClassifiedAsInvestingActivities,,
CashPaymentsForFutureContractsForwardContractsOptionContractsAndSwapContractsClassifiedAsInvestingActivities,,
CashReceiptsFromFutureContractsForwardContractsOptionContractsAndSwapContractsClassifiedAsInvestingActivities,,
DividendsReceivedClassifiedAsInvestingActivities,,
InterestReceivedClassifiedAsInvestingActivities,,
IncomeTaxesPaidRefundClassifiedAsInvestingActivities,,
OtherInflowsOutflowsOfCashClassifiedAsInvestingActivities,,
ProceedsFromGovernmentGrantsClassifiedAsInvestingActivities,,
CashFlowsFromUsedInInvestingActivitiesBeforeExtraordinaryItems,,
ProceedsFromExtraordinaryItemsClassifiedAsInvestingActivities,,
PaymentForExtraordinaryItemsClassifiedAsInvestingActivities,,
CashFlowsFromUsedInInvestingActivities,,
CashFlowsFromUsedInFinancingActivitiesAbstract,,
ProceedsFromIssuingShares,,
ProceedsFromIssuingOtherEquityInstruments,,
ProceedsFromIssuingDebenturesNotesBondsEtc,,
ProceedsFromBorrowingsClassifiedAsFinancingActivities,,
RepaymentsOfBorrowingsClassifiedAsFinancingActivities,,
DividendsPaidClassifiedAsFinancingActivities,,
InterestPaidClassifiedAsFinancingActivities,,
IncomeTaxesPaidRefundClassifiedAsFinancingActivities,,
OtherInflowsOutflowsOfCashClassifiedAsFinancingActivities,,
CashFlowsFromUsedInFinancingActivitiesBeforeExtraordinaryItems,,
ProceedsFromExtraordinaryItemsClassifiedAsFinancingActivities,,
PaymentForExtraordinaryItemsClassifiedAsFinancingActivities,,
CashFlowsFromUsedInFinancingActivities,,
IncreaseDecreaseInCashAndCashEquivalentsBeforeEffectOfExchangeRateChanges,,
EffectOfExchangeRateChangesOnCashAndCashEquivalentsAbstract,,
EffectOfExchangeRateChangesOnCashAndCashEquivalents,,
IncreaseDecreaseInCashAndCashEquivalents,,
CashAndCashEquivalentsCashFlowStatement,,
CashAndCashEquivalentsCashFlowStatement,,
[200100] Notes - Share capital,,
name,,
DisclosureOfNotesOnShareCapitalExplanatoryTextBlock,,
DisclosureOfClassesOfShareCapitalAbstract,,
DisclosureOfClassesOfShareCapitalTable,This table should be mandatory in case value entered in 'ShareCapital' is greater than zero in Balance Sheet.,
ClassesOfShareCapitalAxis,,
ShareCapitalMember,,
EquitySharesMember,,
EquityShares1Member,,
EquityShares2Member,,
EquityShares3Member,,
EquityShares4Member,,
EquityShares5Member,,
EquityShares6Member,,
EquityShares7Member,,
EquityShares8Member,,
EquityShares9Member,,
EquityShares10Member,,
PreferenceSharesMember,,
PreferenceShares1Member,,
PreferenceShares2Member,,
PreferenceShares3Member,,
PreferenceShares4Member,,
PreferenceShares5Member,,
PreferenceShares6Member,,
PreferenceShares7Member,,
PreferenceShares8Member,,
PreferenceShares9Member,,
PreferenceShares10Member,,
DisclosureOfClassesOfShareCapitalLineItems,,
TypeOfShare,,
NumberOfSharesAuthorised,Should be greater than or equal to zero.,
ValueOfSharesAuthorised,Should be greater than or equal to zero. Should be equal to 'NumberOfSharesAuthorised' multiplied by 'ParValuePerShare',
NumberOfSharesIssued,Should be greater than or equal to zero. Should be less than or equal to  'Number of shares Authorised' ,
ValueOfSharesIssued,"Should be greater than or equal to zero. Should be less than or equal to 'Value of shares Authorised' 
Should be equal to 'NumberOfSharesIssued' multiplied by 'ParValuePerShare'",
NumberOfSharesSubscribedAndFullyPaid,Should be greater than or equal to zero. Should be less than or equal to 'Number of shares Issued' ,
ValueOfSharesSubscribedAndFullyPaid,Should be greater than or equal to zero. Should be less than or equal to 'Value of shares Issued',
NumberOfSharesSubscribedButNotFullyPaid,Should be greater than or equal to zero. Should be less than or equal to 'Number of shares Issued' ,
ValueOfSharesSubscribedButNotFullyPaid,Should be greater than or equal to zero. Should be less than or equal to 'Value of shares Issued',
NumberOfSharesSubscribed,Should be greater than or equal to zero. Should be less than or equal to 'Number of shares Issued',
ValueOfSharesSubscribed,Should be greater than or equal to zero. Should be less than or equal to 'Value of shares Issued',
ValueOfSharesPaidUpAbstract,,
NumberOfSharesPaidUp,Should be greater than or equal to zero. Should be less than or equal to 'Number of shares Subscribed',
ValueOfSharesCalled,"Should be greater than or equal to zero. Should be less than or equal to 'Value of shares Subscribed'.
",
CallsUnpaidAbstract,,
CallsUnpaidByDirectorsAndOfficersAbstract,,
CallsUnpaidByDirectors,,
CallsUnpaidByOfficers,,
CallsUnpaidByDirectorsAndOfficers,,
CallsUnpaidByOthers,,
CallsUnpaid,,
ForfeitedShares,,
ForfeitedSharesReissued,,
ValueOfSharesPaidUp,"Summation of 'Value of Shares paid up' for  'EquitySharesMembers 1..10' and 'PreferenceSharesMembers 1...10' should be equal to value entered in 'Sharecapital' in balance sheet. 
Should be greater than or equal to zero. Should be less than or equal to 'Value of shares Subscribed'",
ParValuePerShare,Should be greater than or equal to zero,
AmountPerShareCalledInCaseSharesNotFullyCalled,Should be greater than or equal to zero,
ReconciliationOfNumberOfSharesOutstandingAbstract,,
NumberOfSharesOutstanding,Should be greater than or equal to zero,
ChangesInNumberOfSharesOutstandingAbstract,,
IncreaseInNumberOfSharesOutstandingAbstract,,
NumberOfSharesIssuedInPublicOffering,Should be greater than or equal to zero,
NumberOfSharesIssuedAsBonusShares,Should be greater than or equal to zero,
NumberOfSharesIssuedAsRights,Should be greater than or equal to zero,
NumberOfSharesIssuedInPrivatePlacementArisingOutOfConversionOfDebenturesPreferenceSharesDuringPeriod,Should be greater than or equal to zero. ,
NumberOfSharesIssuedInOtherPrivatePlacement,Should be greater than or equal to zero,
NumberOfSharesIssuedAsPreferentialAllotmentArisingOutOfConversionOfDebenturesPreferenceSharesDuringPeriod,Should be greater than or equal to zero. ,
NumberOfSharesIssuedAsOtherPreferentialAllotment,Should be greater than or equal to zero,
NumberOfSharesAllottedForContractsWithoutPaymentReceivedInCash,Should be greater than or equal to zero,
NumberOfSharesIssuedUnderSchemeOfAmalgamation,Should be greater than or equal to zero,
NumberOfOtherIssuesOfShares,Should be greater than or equal to zero,
NumberOfSharesIssuedUnderEmployeeStockOptionPlan,Should be greater than or equal to zero. ,
NumberOfOtherIssueOfSharesArisingOutOfConversionOfSecurities,Should be greater than or equal to zero,
AggregateNumberOfSharesIssuedDuringPeriod,Should be greater than or equal to zero,
DecreaseInNumberOfSharesDuringPeriodAbstract,,
NumberOfSharesRedeemed,Should be greater than or equal to zero,
NumberOfSharesBoughtBack,Should be greater than or equal to zero,
OtherDecreaseInNumberOfShares,Should be greater than or equal to zero,
DecreaseInNumberOfSharesDuringPeriod,Should be greater than or equal to zero,
IncreaseDecreaseInNumberOfSharesOutstanding,,
NumberOfSharesOutstanding,Should be greater than or equal to zero,
ReconciliationOfValueOfSharesOutstandingAbstract,,
ShareCapital,,
ChangesInShareCapitalAbstract,,
IncreaseInShareCapitalDuringPeriodAbstract,,
AmountOfPublicIssueDuringPeriod,Should be greater than or equal to zero. Mandatory if corresponding Number of shares is entered and vice-a-versa.,
AmountOfBonusIssueDuringPeriod,Should be greater than or equal to zero. Mandatory if corresponding Number of shares is entered and vice-a-versa.,
AmountOfRightsIssueDuringPeriod,Should be greater than or equal to zero. Mandatory if corresponding Number of shares is entered and vice-a-versa.,
AmountOfPrivatePlacementIssueArisingOutOfConversionOfDebenturesPreferenceSharesDuringPeriod,"Should be greater than or equal to zero. Mandatory if ""NumberOfSharesIssuedInPrivatePlacementArisingOutOfConversionOfDebenturesPreferenceSharesDuringPeriod""  is entered and vice a versa",
AmountOfOtherPrivatePlacementIssueDuringPeriod,Should be greater than or equal to zero. Mandatory if corresponding Number of shares is entered and vice-a-versa.,
AmountOfPreferentialAllotmentIssueArisingOutOfConversionOfDebenturesPreferenceSharesDuringPeriod,"Should be greater than or equal to zero. Mandatory if ""NumberOfSharesIssuedAsPreferentialAllotmentArisingOutOfConversionOfDebenturesPreferenceSharesDuringPeriod"" is entered and vice a versa",
AmountOfOtherPreferentialAllotmentIssueDuringPeriod,Should be greater than or equal to zero. Mandatory if corresponding Number of shares is entered and vice-a-versa.,
AmountOfIssueAllottedForContractsWithoutPaymentReceivedInCashDuringPeriod,Should be greater than or equal to zero. Mandatory if corresponding Number of shares is entered and vice-a-versa.,
AmountOfIssueUnderSchemeOfAmalgamationDuringPeriod,Should be greater than or equal to zero. Mandatory if corresponding Number of shares is entered and vice-a-versa.,
AmountOfOtherIssuesDuringPeriod,Should be greater than or equal to zero. Mandatory if corresponding Number of shares is entered and vice-a-versa.,
AmountOfEmployeeStockOptionPlanIssuedDuringPeriod,"Should be greater than or equal to zero. Mandatory if ""NumberOfSharesIssuedUnderEmployeeStockOptionPlan"" is entered and vice a versa",
AmountOfOtherIssueArisingOutOfConversionOfSecuritiesDuringPeriod,Should be greater than or equal to zero. Mandatory if corresponding Number of shares is entered and vice-a-versa.,
AggregateAmountOfIncreaseInShareCapitalDuringPeriod,,
DecreaseInShareCapitalDuringPeriodAbstract,,
DecreaseInAmountOfSharesRedeemed,Should be greater than or equal to zero. Mandatory if corresponding Number of shares is entered and vice-a-versa.,
DecreaseInAmountOfSharesBoughtBack,Should be greater than or equal to zero. Mandatory if corresponding Number of shares is entered and vice-a-versa.,
OtherDecreaseInAmountOfShares,Should be greater than or equal to zero. Mandatory if corresponding Number of shares is entered and vice-a-versa.,
DecreaseInShareCapitalDuringPeriod,Should be greater than or equal to zero. Mandatory if corresponding Number of shares is entered and vice-a-versa.,
IncreaseDecreaseInShareCapital,,
ShareCapital,Summation of 'ShareCapital' (Closing)' for  'EquitySharesMembers 1..10' and 'PreferenceSharesMembers 1...10' should be equal to value entered in 'Sharecapital' in balance sheet. ,
RightsPreferencesAndRestrictionsAttachingToClassOfShareCapital,,
SharesInCompanyHeldByHoldingCompanyOrUltimateHoldingCompanyOrByItsSubsidiariesOrAssociatesAbstract,,
SharesInCompanyHeldByHoldingCompany,Should be greater than or equal to zero,
SharesInCompanyHeldByUltimateHoldingCompany,Should be greater than or equal to zero,
SharesInCompanyHeldBySubsidiariesOfItsHoldingCompany,Should be greater than or equal to zero,
SharesInCompanyHeldBySubsidiariesOfItsUltimateHoldingCompany,Should be greater than or equal to zero,
SharesInCompanyHeldByAssociatesOfItsHoldingCompany,Should be greater than or equal to zero,
SharesInCompanyHeldByAssociatesOfItsUltimateHoldingCompany,Should be greater than or equal to zero,
SharesInCompanyHeldByHoldingCompanyOrUltimateHoldingCompanyOrByItsSubsidiariesOrAssociates,Mandatory in case Yes is selected in element 'WhetherCompanyIsSubsidiaryCompany'. Should be greater than or equal to zero,
SharesReservedForIssueUnderOptionsAndContractsOrCommitmentsForSaleOfSharesOrDisinvestment,Should be greater than or equal to zero,
AmountOfSharesReservedForIssueUnderOptionsAndContractsOrCommitmentsForSaleOfSharesOrDisinvestment,,
DescriptionOfTermsOfSharesReservedForIssueUnderOptionsAndContractsOrCommitmentsForSaleOfSharesOrDisinvestment,,
AggregateNumberOfFullyPaidUpSharesIssuedPursuantToContractsWithoutPaymentBeingReceivedInCashDuringLastFiveYears,Should be greater than or equal to zero,
AggregateNumberOfFullyPaidUpSharesIssuedByWayOfBonusSharesDuringLastFiveYears,Should be greater than or equal to zero,
AggregateNumberOfSharesBoughtBackDuringLastFiveYears,Should be greater than or equal to zero,
OriginalPaidUpValueOfForfeitedShares,,
TermsOfSecuritiesConvertibleIntoEquityPreferenceSharesIssuedAlongWithEarliestDateOfConversionInDescendingOrderStartingFromFarthestSuchDateTextBlock,,
DetailsOfApplicationMoneyReceivedForAllotmentOfSecuritiesAndDueForRefundAndInterestAccruedThereonAbstract,,
ApplicationMoneyReceivedForAllotmentOfSecuritiesAndDueForRefundAndInterestAccruedThereonAbstract,,
ApplicationMoneyReceivedForAllotmentOfSecuritiesAndDueForRefundPrincipal,,
ApplicationMoneyReceivedForAllotmentOfSecuritiesAndDueForRefundInterestAccrued,,
ApplicationMoneyReceivedForAllotmentOfSecuritiesAndDueForRefundAndInterestAccruedThereon,,
TermsAndConditionsOfSharesPendingAllotment,,
NumberOfSharesProposedToBeIssued,Should be greater than or equal to zero,
PeriodBeforeWhichSharesAreToBeAllotted,,
SharePremiumForSharesToBeAllotted,,
DescriptionOfWhetherCompanyHaveSufficientAuthorisedCapitalToCoverProposedShareCapitalAmountResultingFromAllotment,,
OverDuePeriodForWhichApplicationMoneyIsPendingPriorToAllotmentOfShares,,
ReasonForOverDuePeriodForWhichApplicationMoneyIsPendingPriorToAllotmentOfShares,,
RedemptionOfPreferenceSharesExplanatoryTextBlock,,
DisclosureOfShareholdingMoreThanFivePerCentInCompanyAbstract,,
WhetherThereAreAnyShareholdersHoldingMoreThanFivePerCentSharesInCompany,This is a mandatory field,
DisclosureOfShareholdingMoreThanFivePerCentInCompanyTable,This table is mandatory in case 'Yes' is selected in field 'WhetherThereAreAnyShareholdersHoldingMoreThanFivePerCentSharesInCompany'.,
ClassesOfShareCapitalAxis,,
ShareCapitalMember,,
EquitySharesMember,,
EquityShares1Member,,
EquityShares2Member,,
EquityShares3Member,,
EquityShares4Member,,
EquityShares5Member,,
EquityShares6Member,,
EquityShares7Member,,
EquityShares8Member,,
EquityShares9Member,,
EquityShares10Member,,
PreferenceSharesMember,,
PreferenceShares1Member,,
PreferenceShares2Member,,
PreferenceShares3Member,,
PreferenceShares4Member,,
PreferenceShares5Member,,
PreferenceShares6Member,,
PreferenceShares7Member,,
PreferenceShares8Member,,
PreferenceShares9Member,,
PreferenceShares10Member,,
NameOfShareholderAxis,,
NameOfShareholderMember,,
Shareholder1Member,,
Shareholder2Member,,
Shareholder3Member,,
Shareholder4Member,,
Shareholder5Member,,
Shareholder6Member,,
Shareholder7Member,,
Shareholder8Member,,
Shareholder9Member,,
Shareholder10Member,,
Shareholder11Member,,
Shareholder12Member,,
Shareholder13Member,,
Shareholder14Member,,
Shareholder15Member,,
Shareholder16Member,,
Shareholder17Member,,
Shareholder18Member,,
Shareholder19Member,,
Shareholder20Member,,
DisclosureOfShareholdingMoreThanFivePerCentInCompanyLineItems,,
TypeOfShare,,
NameOfShareholder,,
CINOfShareholder,Either CIN of shareholder or PAN of shareholder is Mandatory in case Country of incorporation or residence of shareholder is India. Valid CIN. ,
PANOfShareholder,Should be valid PAN as per Income_tax_PAN  format. ,
CountryOfIncorporationOrResidenceOfShareholder,Should be valid country name as per List of countries,
NumberOfSharesHeldInCompany,Summation of all shareholder members should be less than or equal to summation of  'Number of Shares Paid Up' for  'EquitySharesMembers 1..10' and 'PreferenceSharesMembers 1...10'  in DisclosureOfClassesOfShareCapital. Should be greater than zero,
PercentageOfShareholdingInCompany,Summation of all shareholder for equity members should be less than or equal to 100% . Summation of all shareholder for preference members should be less than or equal to 100%.,
DisclosureOfDetailsOnPrivatePlacementOfShareAbstract,,
DisclosureOfDetailsOnPrivatePlacementOfEquityShareAbstract,,
NumberOfPersonsOnPrivatePlacementOfEquityShare,Either this element or NumberOfPersonsOnPrivatePlacementOfPreferenceShare is mandatory if 'NumberOfSharesIssuedInPrivatePlacement' is greater than zero. Should be greater than or equal to zero,
NatureOfSecurityOnPrivatePlacementOfEquityShare,Mandatory if NumberOfPersonsOnPrivatePlacementOfEquityShare is greater than zero.,
DateOfRedemptionOnPrivatePlacementOfEquityShare,,
DisclosureOfDetailsOnPrivatePlacementOfPreferenceShareAbstract,,
NumberOfPersonsOnPrivatePlacementOfPreferenceShare,Should be greater than or equal to zero,
NatureOfSecurityOnPrivatePlacementOfPreferenceShare,Mandatory if NumberOfPersonsOnPrivatePlacementOfPreferenceShare is greater than zero.,
DateOfRedemptionOnPrivatePlacementOfPreferenceShare,,
DisclosureOfNumberOfShareholdersAllotteesAbstract,,
NumberOfShareholdersOfCompany,"Should be greater than or equal to zero
",
NumberOfAllotteesInCaseOfPreferentialAllotment,Should be greater than or equal to zero,
DisclosureOfReductionInCapitalAbstract,,
WhetherReductionInCapitalDoneDuringYear,,
AmountOfReductionInCapitalDuringYear,"Mandatory, if WhetherReductionInCapitalDoneDuringYear is Yes.",
PercentageOfCapitalReductionToCapitalPriorToReduction,"Mandatory, if WhetherReductionInCapitalDoneDuringYear is Yes. Should be greater than or equal to zero. Should be less than or equal to 100%",
DisclosureOfPublicOfferingAbstract,,
WhetherMoneyRaisedFromPublicOfferingDuringYear,This shall be a mandatory field in case of standalone instance document. YES should be selected in case amount entered in 'AmountOfPublicIssueDuringPeriod' is greater than zero.,
AmountRaisedFromPublicOfferingDuringYear,"Mandatory, if 'WhetherMoneyRaisedFromPublicOfferingDuringYear' is yes. Should be greater than or equal to zero",
AmountUtilisedTowardsSpecifiedPurposesForPublicOffering,"Mandatory, if 'WhetherMoneyRaisedFromPublicOfferingDuringYear' is yes. Should be greater than or equal to zero",
AmountRemainingUnutilisedReceivedInRespectOfPublicOffering,"Mandatory, if 'WhetherMoneyRaisedFromPublicOfferingDuringYear' is yes. Should be greater than or equal to zero",
DetailsOfOutstandingUnutilisedAmountsReceivedInRespectOfPublicOffering,Mandatory if 'AmountRemainingUnutilisedReceivedInRespectOfPublicOffering' is greater than zero.,
[200200] Notes - Reserves and surplus,,
name,,
DisclosureOfNotesOnReservesExplanatoryTextBlock,,
StatementOfChangesInReservesAbstract,,
StatementOfChangesInReservesTable,Should be mandatory if ReservesAndSurplus in balance sheet is other than zero.,
ComponentsOfReservesAxis,,
ReservesMember,,
CapitalReservesMember,,
CapitalRedemptionReservesMember,,
SecuritiesPremiumAccountMember,,
DebentureRedemptionReserveMember,,
DepositRepaymentReserveMember,,
RevaluationReserveMember,,
RevaluationReserveFixedAssetsMember,,
RevaluationReserveInvestmentsMember,,
ShareOptionsOutstandingAccountMember,,
CapitalReserveConsolidationMember,,
EmployeeStockOptionsOutstandingMember,,
DeferredEmployeeCompensationMember,,
OtherReservesMember,,
SubsidyIncentiveReserveMember,,
RestructuringReserveMember,,
AmalgamationReserveMember,,
BondRedemptionReserveMember,,
SinkingFundReserveMember,,
ContingencyReserveMember,,
SpecialReserveMember,,
HedgingReserveMember,,
GeneralReserveMember,,
OtherReservesOthersMember,,
OtherFundsMember,,
ForeignCurrencyTranslationReserveMember,,
SurplusMember,,
StatementOfChangesInReservesLineItems,,
Reserves,,
ChangesInReservesAbstract,,
AdditionsToReservesAbstract,,
ProfitLossForPeriod,,
OtherAdditionsToReserves,,
AdditionsToReserves,,
DeductionsToReservesAbstract,,
SecuritiesPremiumAdjustedBonusShares,,
SecuritiesPremiumAdjustedWritingOffPreliminaryExpenses,,
SecuritiesPremiumAdjustedWritingOffDiscountExpensesIssueSharesDebentures,,
SecuritiesPremiumAdjustedPremiumPayableRedemptionPreferenceSharesDebentures,,
SecuritiesPremiumAdjustedPurchaseOwnSharesOtherSecuritiesUnderSection68,,
OtherUtilisationOfSecuritiesPremiumIfPermitted,,
OtherDeductionsToReserves,,
DeductionsToReserves,,
AppropriationsForDividendDividendTaxAndGeneralReserveAbstract,,
DividendAppropriationAbstract,,
InterimDividendAppropriationAbstract,,
InterimEquityDividendAppropriation,,
InterimPreferredDividendAppropriation,,
InterimSpecialDividendAppropriation,,
InterimDividendAppropriation,,
FinalDividendAppropriationAbstract,,
FinalEquityDividendAppropriation,,
FinalPreferredDividendAppropriation,,
FinalSpecialDividendAppropriation,,
FinalDividendAppropriation,,
DividendAppropriation,,
DividendTaxAppropriationAbstract,,
EquityDividendTaxAppropriation,,
PreferredDividendTaxAppropriation,,
DividendTaxAppropriation,,
OtherAppropriations,,
TransferToGeneralReserve,,
AppropriationsForDividendDividendTaxAndGeneralReserve,,
AppropriationTowardsBonusShares,,
ChangesInReserves,,
Reserves,"Total Value of Reserves-  (Closing Balance) should be equal to value entered in 'ReservesAndSurplus' in balance sheet. 

To validate this, in ComponentsOfReservesAxis- Sum of First level child members shall be considered (CapitalReservesMember, CapitalRedemptionReservesMember etc..). However, in case the first level child is not given and its corresponding lower level child members are given then the same shall be considered.",
DescriptionOfNatureAndPurposeOfOtherReserves,This shall be mandatory in case details in respect of 'OtherReservesOthersMember' is entered.,
VenturersShareOfPostAcquisitionReservesOfJointlyControlledEnterprise,,
DisclosureOfDetailsOfTransferToCapitalRedemptionReserveOnAccountOfCompanyPurchasesOfOwnShares,,
DetailsOfAggregateAmountSetAsideOrProposedToBeSetAsideToReserveAbstract,,
AggregateAmountSetAsideOrProposedToBeSetAsideToReserve,,
AggregateAmountsWithdrawnFromSuchReservesSetAside,,
ShareReservesJointVentures,,
[200300] Notes - Borrowings,,
name,,
DisclosureOfNotesOnBorrowingsExplanatoryTextBlock,,
BorrowingsNotesAbstract,,
DetailsOfBorrowingsAbstract,,
ClassificationOfBorrowingsTable,This table is mandatory in case amount entered in 'Longtermborrowings' or 'ShortTermBorrowings' is greater than zero in financial statements.,
ClassificationBasedOnTimePeriodAxis,,
ClassificationBasedOnTimePeriodMember,,
LongTermMember,,
ShortTermMember,,
ClassificationOfBorrowingsAxis,,
BorrowingsMember,,
BondsDebenturesMember,,
BondsMember,,
DebenturesMember,,
FullyConvertibleDebenturesBanksMember,,
FullyConvertibleDebenturesGovernmentSemiGovernmentMember,,
FullyConvertibleDebenturesIntercorporateMember,,
FullyConvertibleDebenturesOthersMember,,
PartlyConvertibleDebenturesBanksMember,,
PartlyConvertibleDebenturesGovernmentSemiGovernmentMember,,
PartlyConvertibleDebenturesIntercorporateMember,,
PartlyConvertibleDebenturesOthersMember,,
NonConvertibleDebenturesBanksMember,,
NonConvertibleDebenturesGovernmentSemiGovernmentMember,,
NonConvertibleDebenturesIntercorporateMember,,
NonConvertibleDebenturesOthersMember,,
TermLoansMember,,
TermLoansFromBanksMember,,
RupeeTermLoansFromBanksMember,,
ForeignCurrencyTermLoansFromBanksMember,,
TermLoansFromOthersMember,,
RupeeTermLoansFromOthersMember,,
ForeignCurrencyTermLoansFromOthersMember,,
OtherExternalCommercialBorrowingsMember,,
WorkingCapitalLoansFromBanksMember,,
LoansRepayableOnDemandMember,,
LoansRepayableOnDemandFromBanksMember,,
LoansRepayableOnDemandFromOthersMember,,
IntercorporateBorrowingsMember,,
BorrowingFromGovernmentSemiGovernmentBodiesMember,,
BorrowingFromForeignInstitutionalAgenciesMember,,
BorrowingFromForeignCompaniesMember,,
DeferredPaymentLiabilitiesMember,,
DeferredPaymentForAcquisitionOfFixedAssetsMember,,
DeferredSalesTaxLoanMember,,
DeferredPaymentForeignSourcesMember,,
DeferredPaymentIndianSourcesMember,,
DepositsMember,,
DepositsFromDirectorsMember,,
DepositsFromShareholdersMember,,
IntercorporateDepositsMember,,
PublicDepositsMember,,
DepositsFromOthersMember,,
CommercialPaperMember,,
LoansAndAdvancesFromRelatedPartiesMember,,
LoansAndAdvancesFromDirectorsMember,,
LoansAndAdvancesFromOthersMember,,
LongTermMaturitiesOfFinanceLeaseObligationsMember,,
OtherLoansAndAdvancesMember,,
LoansTakenForFixedAssetsMember,,
LoansTakenForVehiclesMember,,
LoansTakenForOtherFixedAssetsMember,,
OtherLoansAndAdvancesOthersMember,,
SubclassificationOfBorrowingsAxis,,
SecuredUnsecuredBorrowingsMember,,
SecuredBorrowingsMember,,
UnsecuredBorrowingsMember,,
DetailsOfBorrowingsLineItems,,
Borrowings,"Summation of various Borrowings members  for Long term period should be equal to 'LongTermBorrowings' in financial statements. 

Summation of various Borrowings members for Short term period should be equal to 'ShortTermBorrowings'  in financial statements. 

To validate this, in ClassificationOfBorrowingsAxis- Only First level child members shall be considered (BondsDebenturesMember, TermLoansMember etc..). However, in case the first level child is not given and its corresponding lower level child members are given then the same shall be considered.",
NatureOfSecurityAbstract,,
NatureOfSecurity,Mandatory in case of 'SecuredBorrowingsMember',
DetailsOfPersonalSecurityGivenByPromotersOtherShareholdersOrOtherThirdPartiesThoughSuchSecurityDoesNotResultInClassificationOfBorrowingsAsSecured,,
DetailsOnLoansGuaranteedAbstract,,
AggregateAmountOfLoansGuaranteedByDirectors,,
AggregateAmountOfLoansGuaranteedByOthers,,
ParticularsOfAnyRedeemedBondsDebenturesWhichCompanyHasPowerToReissue,,
TermsOfRepaymentOfTermLoansAndOtherLoans,,
DetailsOnDefaultsOnBorrowingsAbstract,,
BeginningDateOfContinuingDefaultForBorrowings,,
OutstandingAmountOfContinuingDefaultPrincipal,Mandatory in case Beginning Date of continuing Default is entered,
OutstandingAmountOfContinuingDefaultInterest,Mandatory in case Beginning Date of continuing Default is entered,
DetailsOfBondsOrDebenturesAbstract,,
DetailsOfBondsOrDebenturesTable,This table should be mandatory in case details are entered for 'BondsMember or DebenturesMember' under 'Classification of borrowings [Axis]' and vice-a-versa.,
DetailsOfBondsOrDebenturesAxis,,
DetailsOfBondsOrDebenturesLineItems,,
WhetherBondsOrDebentures,,
NatureOfBondOrDebenture,,
HolderOfBondOrDebenture,,
RateOfInterest,Should be greater than or equal to zero. ,
ParticularsOfRedemptionOrConversion,,
NominalValuePerBondOrDebenture,Should be greater than or equal to zero. ,
NumberOfBondsOrDebentures,Should be greater than or equal to zero. ,
AmountOfBondsOrDebenturesIssuedDuringPeriod,Should be greater than or equal to zero. ,
NumberOfAllotteesToWhomBondsOrDebenturesWereIssued,Should be greater than or equal to zero. ,
EarliestDateOfRedemption,,
NominalAmountOfBondsOrDebenturesHeldByNomineeOrTrusteeOfCompany,Should be greater than or equal to zero. ,
BookValueOfBondsOrDebenturesHeldByNomineeOrTrusteeOfCompany,Should be greater than or equal to zero. ,
ShareLongTermBorrowingsJointVentures,,
ShareShortTermBorrowingsJointVentures,,
[200400] Notes - Non-current investments,,
name,,
DisclosureOfNotesOnNoncurrentInvestmentsExplanatoryTextBlock,,
NoncurrentInvestmentsAbstract,,
AccountingPolicyForDeterminationOfCarryingAmountOfInvestmentsTextBlock,,
DisclosureOfDetailsOfNoncurrentInvestmentsAbstract,,
DetailsOfNoncurrentInvestmentsTable,This table is mandatory in case 'NonCurrentInvestments' is greater than zero in Financial statements,
ClassificationOfNoncurrentInvestmentsAxis,,
DetailsOfNoncurrentInvestmentsLineItems,,
TypeOfNoncurrentInvestments,,
ClassOfNoncurrentInvestments,,
NatureOfNoncurrentInvestments,,
NoncurrentInvestments,Should be greater than equal to zero. Summation of 'NoncurrentInvestments' for all dimensional members should be equal to 'NonCurrentInvestments' in Financial statements.,
NameOfBodyCorporateInWhomInvestmentHasBeenMade,,
DetailsOfWhetherSuchBodyCorporateIsSubsidiaryAssociateJointVentureOrControlledSpecialPurposeEntity,,
NumberOfSharesOfNoncurrentInvestmentMadeInBodyCorporate,Should be greater than or equal to zero,
DetailsOfNoncurrentInvestmentsMadeInBodyCorporateWhichArePartlyPaid,,
DetailsOfNoncurrentInvestmentMadeInPartnershipFirmsAbstract,,
DetailsOfNoncurrentInvestmentMadeInPartnershipFirmsExplanatoryTextBlock,,
NameOfPartnershipFirmWhereNoncurrentInvestmentIsMade,,
NamesOfAllPartnersInPartnershipFirm,,
DetailsOfCapitalOfPartnershipFirmAbstract,,
TotalCapitalOfPartnershipFirm,,
DateToWhichCapitalOfPartnershipFirmRelates,Should be less than or equal to system date,
DetailsOfShareOfEachPartnerInCapitalOfPartnershipFirm,,
DetailsOfShareOfEachPartnerInProfitsOfPartnershipFirm,,
DetailsOfNoncurrentInvestmentsCarriedAtOtherThanCostAbstract,,
BasisOfValuationForNoncurrentInvestmentsCarriedAtOtherThanAtCost,,
AggregateAmountOfQuotedNoncurrentInvestments,Mandatory if value in 'NonCurrentInvestment' in financial statement is greater than zero. Should be greater than equal to zero. Summation of 'AggregateAmountOfQuotedNoncurrentInvestments' and 'AggregateAmountOfUnquotedNoncurrentInvestments' should be equal to 'NoncurrentInvestments' in financial statements.,
MarketValueOfQuotedNoncurrentInvestments,"Should be greater than equal to zero. Mandatory, if value entered in field 'AggregateAmountOfQuotedNonCurrentInvestments' is greater than zero.
",
AggregateAmountOfUnquotedNoncurrentInvestments,Mandatory if value in 'NonCurrentInvestment' in balance sheet is greater than zero. Should be greater than equal to zero. ,
AggregateProvisionForDiminutionInValueOfNoncurrentInvestments,This is mandatory in case value in 'NonCurrentInvestments' in Balance sheet is greater than zero.,
ExplanationOfSignificantRestrictionsOnRightOfOwnershipRealizabilityOfInvestmentsOrRemittanceOfIncomeOrProceedsOfDisposal,,
ShareNoncurrentInvestmentsJointVentures,,
[200500] Notes - Current investments,,
name,,
DisclosureOfNotesOnCurrentInvestmentsExplanatoryTextBlock,,
CurrentInvestmentsAbstract,,
AccountingPolicyForDeterminationOfCarryingAmountOfInvestmentsTextBlock,,
DisclosureOfDetailsOfCurrentInvestmentsAbstract,,
DetailsOfCurrentInvestmentsTable,Table should be mandatory in case 'CurrentInvestments' is greater than zero in Balance sheet.,
ClassificationOfCurrentInvestmentsAxis,,
DetailsOfCurrentInvestmentsLineItems,,
TypeOfCurrentInvestments,,
ClassOfCurrentInvestments,,
NatureOfCurrentInvestments,,
CurrentInvestments,Should be greater than equal to zero. Summation of 'CurrentInvestments' for all dimensional members should be equal to 'CurrentInvestments' in Balance sheet.,
BasisOfValuationOfCurrentInvestments,,
NameOfBodyCorporateInWhomInvestmentHasBeenMade,,
DetailsOfWhetherSuchBodyCorporateIsSubsidiaryAssociateJointVentureOrControlledSpecialPurposeEntity,,
NumberOfSharesOfCurrentInvestmentMadeInBodyCorporate,Should be greater than or equal to zero,
DetailsOfCurrentInvestmentsMadeInBodyCorporateWhichArePartlyPaid,,
DetailsOfCurrentInvestmentMadeInPartnershipFirmsAbstract,,
DetailsOfCurrentInvestmentMadeInPartnershipFirmsExplanatoryTextBlock,,
NameOfPartnershipFirmWhereCurrentInvestmentIsMade,,
NamesOfAllPartnersInPartnershipFirm,,
DetailsOfCapitalOfPartnershipFirmAbstract,,
TotalCapitalOfPartnershipFirm,,
DateToWhichCapitalOfPartnershipFirmRelates,Should be less than or equal to system date,
DetailsOfShareOfEachPartnerInCapitalOfPartnershipFirm,,
DetailsOfShareOfEachPartnerInProfitsOfPartnershipFirm,,
AggregateAmountOfQuotedCurrentInvestments,Mandatory if value in 'CurrentInvestment' in balance sheet is greater than zero. . Summation of 'AggregateAmountOfQuotedCurrentInvestments' and 'AggregateAmountOfUnquotedCurrentInvestments' should be equal to 'CurrentInvestments' in Balance Sheet.,
MarketValueOfQuotedCurrentInvestments,"Should be greater than equal to zero. Mandatory, if value entered in field 'AggregateAmountOfQuotedCurrentInvestments' is greater than zero.
",
AggregateAmountOfUnquotedCurrentInvestments,Mandatory if value in 'CurrentInvestment' in balance sheet is greater than zero.  Should be greater than equal to zero. ,
AggregateProvisionForDiminutionInValueOfCurrentInvestments,This is mandatory in case value in 'CurrentInvestments' in Balance sheet is greater than zero.,
ExplanationOfSignificantRestrictionsOnRightOfOwnershipRealizabilityOfInvestmentsOrRemittanceOfIncomeOrProceedsOfDisposal,,
ShareCurrentInvestmentsJointVentures,,
[200600] Notes - Subclassification and notes on liabilities and assets,,
name,,
DisclosureOfSubclassificationAndNotesOnLiabilitiesAndAssetsExplanatoryTextBlock,,
SubclassificationAndNotesOnLiabilitiesAndAssetsAbstract,,
OtherLongTermLiabilitiesNotesAbstract,,
DisclosureOfNotesOnOtherLongTermLiabilitiesExplanatoryTextBlock,,
OtherLongTermLiabilitiesAbstract,,
TradePayablesLongTerm,This is a mandatory field.,
OthersLongTermAbstract,,
GrossAmountDueToCustomersForContractWorkNoncurrent,,
OthersLongTermOthers,,
OthersLongTerm,,
OtherLongTermLiabilities,This is a mandatory field.,
ShareOtherLongTermLiabilitiesJointVentures,,
ProvisionsNotesAbstract,,
DisclosureOfNotesOnProvisionsExplanatoryTextBlock,,
DisclosureOfBreakupOfProvisionsAbstract,,
DisclosureOfBreakupOfProvisionsTable,Table should be mandatory in case either 'Long term Provisions' or 'Short term Provisions' is other than zero in financial statements.,
ClassificationBasedOnTimePeriodAxis,,
ClassificationBasedOnTimePeriodMember,,
LongTermMember,,
ShortTermMember,,
DisclosureOfBreakupOfProvisionsLineItems,,
ProvisionsAbstract,,
ProvisionsForEmployeeBenefitsAbstract,,
ProvisionGratuity,,
ProvisionLeaveEncashment,,
ProvisionPension,,
ProvisionEmployeeInsuranceScheme,,
ProvisionOtherEmployeeRelatedLiabilities,,
ProvisionsForEmployeeBenefits,Should be greater than or equal to zero,
ProvisionForCorporateTaxAbstract,,
ProvisionForCurrentTax,,
ProvisionForWealthTax,,
ProvisionForFringeBenefitTax,,
ProvisionForOtherTax,,
ProvisionForCorporateDividendTax,,
ProvisionForCorporateTax,,
ProvisionForProposedDividendAbstract,,
ProvisionForProposedEquityDividendAbstract,,
ProvisionForProposedEquityInterimDividend,,
ProvisionForProposedEquityFinalDividend,,
ProvisionForProposedEquitySpecialDividend,,
ProvisionForProposedEquityDividend,,
ProvisionForProposedPreferenceDividendAbstract,,
ProvisionForProposedPreferenceInterimDividend,,
ProvisionForProposedPreferenceFinalDividend,,
ProvisionForProposedPreferenceSpecialDividend,,
ProvisionForProposedPreferenceDividend,,
ProvisionForProposedDividend,,
ProvisionForStatutoryLiabilities,,
CSRExpenditureProvision,,
ProvisionForAbandonmentCost,,
OtherProvisions,,
Provisions,"Should be greater than or equal to zero.
Summation of all Provisions - Long term member and Short term member should be equal to 'LongTermProvisions' and 'ShortTermProvisions' respectively in financial statements.",
NatureOfOtherProvisions,Mandatory in case 'OtherProvisions' is other than zero.,
ShareProvisionsJointVentures,,
OtherCurrentLiabilitiesNotesAbstract,,
DisclosureOfNotesOnOtherCurrentLiabilitiesExplanatoryTextBlock,,
OtherCurrentLiabilitiesAbstract,,
CurrentMaturitiesOfLongTermDebt,,
CurrentMaturitiesOfFinanceLeaseObligations,,
InterestAccruedButNotDueOnBorrowings,"This is a mandatory field. 
Should be greater than or equal to zero.",
InterestAccruedAndDueOnBorrowings,"This is a mandatory field. 
Should be greater than or equal to zero.",
InterestAccruedButNotDueOnPublicDeposits,This is a Mandatory field . Should be greater than or eqaul to zero,
InterestAccruedAndDueOnPublicDeposits,This is a Mandatory field . Should be greater than or eqaul to zero,
DebenturesClaimedButNotPaid,"This is a mandatory field. 
Should be greater than or equal to zero.",
IncomeReceivedInAdvance,,
UnpaidDividends,"This is a mandatory field. 
Should be greater than or equal to zero.",
ApplicationMoneyReceivedForAllotmentOfSecuritiesAndDueForRefundAndInterestAccruedThereonAbstract,,
ApplicationMoneyReceivedForAllotmentOfSecuritiesAndDueForRefundPrincipal,,
ApplicationMoneyReceivedForAllotmentOfSecuritiesAndDueForRefundInterestAccrued,,
ApplicationMoneyReceivedForAllotmentOfSecuritiesAndDueForRefundAndInterestAccruedThereon,"This is a mandatory field. 
Should be greater than or equal to zero.",
UnpaidMaturedDepositsAndInterestAccruedThereon,"This is a mandatory field. 
Should be greater than or equal to zero.",
UnpaidMaturedDebenturesAndInterestAccruedThereon,"This is a mandatory field. 
Should be greater than or equal to zero.",
OtherPayablesCurrentAbstract,,
WithholdingTaxesPayable,,
ServiceTaxPayable,,
VATPayable,,
ExciseDutyPayable,,
TaxesPayableCurrentTax,,
TaxesPayableWealthTax,,
TaxesPayableSalesTax,,
TaxesPayableOtherTax,,
AccruedExpensesPayable,,
DepositsRefundableCurrentAbstract,,
SecurityDepositsRefundableCurrent,,
CustomerDepositsRefundableCurrent,,
OtherDepositsRefundableCurrent,,
DepositsRefundableCurrent,,
GrossAmountDueToCustomersForContractWorkCurrent,,
PublicDepositPayableCurrent,This is a mandatory field.,
OtherPayablesCurrent,,
DerivativeLiabilities,,
AdvanceReceivedAgainstContracts,,
AdvanceReceivedFromCustomers,,
OtherAdvanceReceived,,
BillsPayableAcceptances,,
RetentionMoneyPayable,,
AccruedSalaryPayable,,
AccruedPayrollLiabilitiesOther,,
ShortTermEmployeeRelatedLiabilities,,
ContributionToProvidentFundScheme,,
CurrentLiabilitiesPortionOfShareApplicationMoneyPendingAllotment,This is a mandatory field.,
OtherCurrentLiabilitiesOthers,,
OtherCurrentLiabilities,,
ShareOtherCurrentLiabilitiesJointVentures,,
DetailsOfApplicationMoneyReceivedForAllotmentOfSecuritiesAndDueForRefundAndInterestAccruedThereonAbstract,,
TermsAndConditionsOfSharesPendingAllotment,,
NumberOfSharesProposedToBeIssued,Should be greater than or equal to zero,
PeriodBeforeWhichSharesAreToBeAllotted,,
SharePremiumForSharesToBeAllotted,Should be greater than or equal to zero,
DescriptionOfWhetherCompanyHaveSufficientAuthorisedCapitalToCoverProposedShareCapitalAmountResultingFromAllotment,,
OverDuePeriodForWhichApplicationMoneyIsPendingPriorToAllotmentOfShares,,
ReasonForOverDuePeriodForWhichApplicationMoneyIsPendingPriorToAllotmentOfShares,,
NatureOfOtherPayablesCurrent,,
ProducingPropertiesNotesAbstract,,
DisclosureOfNotesOnProducingPropertiesExplanatoryTextBlock,,
DisclosureOfDetailsOfProducingPropertiesAbstract,,
DisclosureOfDetailsOfProducingPropertiesTable,,
DetailsOfProducingPropertiesAxis,,
CarryingAmountOfProducingPropertiesMember,,
GrossCarryingAmountMember,,
DepletionMember,,
DetailsOfProducingPropertiesLineItems,,
ProducingProperties,,
ChangesInProducingPropertiesAbstract,,
TransferFromPreproducingProperties,,
DepletionProducingProperties,,
OtherAdjustmentsProducingProperties,,
ChangesInProducingProperties,,
ProducingProperties,,
PreproducingPropertiesNotesAbstract,,
DisclosureOfDetailsOfPreproducingPropertiesAbstract,,
DisclosureOfDetailsOfPreproducingPropertiesTable,,
ClassesOfPreproducingPropertiesAxis,,
CompanyTotalOfPreproducingPropertiesMember,,
ExploratoryWellsMember,,
DevelopmentWellsMember,,
DetailsOfPreproducingPropertiesAxis,,
CarryingAmountOfPreproducingPropertiesMember,,
GrossCarryingAmountMember,,
DepletionMember,,
DetailsOfPreproducingPropertiesLineItems,,
PreproducingProperties,,
ChangesInPreproducingPropertiesAbstract,,
ExpenditureDuringYearOnPreproducingProperties,,
TransferToPreproducingProperties,,
DepreciationOrDepletionPreproducingProperties,,
TransferToStatementOfProfitAndLossPreproducingProperties,,
OtherAdjustmentsPreproducingProperties,,
ChangesInPreproducingProperties,,
PreproducingProperties,,
LoansAndAdvancesNotesAbstract,,
DisclosureOfNotesOnLoansAndAdvancesExplanatoryTextBlock,,
LoansAndAdvancesAbstract,,
LoansAndAdvancesTable,This table is mandatory in case amount entered in 'LongtermLoandandAdvances' or 'ShortTermLoandandAdvances' is other than zero in financial statements.,
ClassificationBasedOnTimePeriodAxis,,
ClassificationBasedOnTimePeriodMember,,
LongTermMember,,
ShortTermMember,,
ClassificationOfLoansAndAdvancesAxis,,
LoansAndAdvancesMember,,
CapitalAdvancesMember,,
SecurityDepositsMember,,
LoansAndAdvancesToRelatedPartiesMember,,
LoansAdvancesGivenSubsidiariesMember,,
LoansAdvancesGivenAssociatesMember,,
LoansAdvancesGivenDirectorsMember,,
LoansAdvancesGivenOtherRelatedPartiesMember,,
LoansAdvancesGivenCompaniesUnderSameManagementMember,,
LoansAdvancesGivenToOtherCompaniesMember,,
LoansAdvancesGivenSuppliersMember,,
LoansAdvancesGivenEmployeesMember,,
LoansAdvancesValueBeReceivedMember,,
FinanceLeaseReceivablesTreatedAsLoansAndAdvancesMember,,
OtherLoansAndAdvancesMember,,
PrepaidExpensesMember,,
AdvanceTaxMember,,
AdvanceIncomeTaxPaidMember,,
AdvanceSalesTaxVATPaidMember,,
TaxDeductedAtSourceMember,,
AdvanceFringeBenefitTaxPaidMember,,
OtherAdvanceTaxesMember,,
MATCreditEntitlementMember,,
CenvatReceivableMember,,
VATReceivableMember,,
ServiceTaxReceivableMember,,
OtherTaxesReceivableMember,,
ExportIncentivesReceivablesMember,,
InterestIncomeAccruedButNotDueMember,,
IntercorporateDepositsMember,,
DepositsWithStatutoryAuthoritiesMember,,
OtherDepositAssetsMember,,
NotesReceivableMember,,
ClaimsRecoverableMember,,
ShareApplicationMoneyGivenMember,,
OtherLoansAndAdvancesOthersMember,,
ClassificationOfAssetsBasedOnSecurityAxis,,
ClassificationOfAssetsBasedOnSecurityMember,,
SecuredConsideredGoodMember,,
UnsecuredConsideredGoodMember,,
DoubtfulMember,,
DisclosureOfLoansAndAdvancesLineItems,,
LoansAndAdvancesGross,,
AllowanceForBadAndDoubtfulLoansAndAdvances,,
LoansAndAdvances,"Summation of all LoansAndAdvances - Long term member and Short term member should be equal to 'LongTermLoansAndAdvances' and 'ShortTermLoansAndAdvances' respectively in financial statements. However, in case the first level child is not given and its corresponding lower level child members are given then the same shall be considered.
For validating this, only first level child members shall be considered in ClassificationOfLoansAndAdvancesAxis- . (For eg: CapitalAdvancesMember, SecurityDepositsMember etc.)",
DetailsOfLoansAndAdvancesToRelatedParties,,
NatureOfOtherLoansAndAdvances,Mandatory in case of 'OtherLoansAndAdvancesOthersMember',
DetailsOfLoansAndAdvancesDueByDirectorsOtherOfficersOrOthersAbstract,,
LoansAndAdvancesDueByDirectors,,
LoansAndAdvancesDueByOtherOfficers,,
LoansAndAdvancesDueByOthers,,
LoansAndAdvancesDueByDirectorsOtherOfficersOrOthers,,
DetailsOfLoansAndAdvancesDueByFirmsOrCompaniesInWhichAnyDirectorIsPartnerOrDirectorAbstract,,
LoansAndAdvancesDueByFirmsInWhichAnyDirectorIsPartner,,
LoansAndAdvancesDueByPrivateCompaniesInWhichAnyDirectorIsDirector,,
LoansAndAdvancesDueByPrivateCompaniesInWhichAnyDirectorIsMember,,
LoansAndAdvancesDueByFirmsOrCompaniesInWhichAnyDirectorIsPartnerOrDirector,,
ShareLongTermLoansAndAdvancesJointVentures,,
ShareShortTermLoansAndAdvancesJointVentures,,
OtherNoncurrentAssetsNotesAbstract,,
DisclosureOfNotesOnOtherNoncurrentAssetsExplanatoryTextBlock,,
OtherNoncurrentAssetsAbstract,,
LongTermTradeReceivablesAbstract,,
ClassificationOfLongTermTradeReceivablesTable,,
ClassificationOfAssetsBasedOnSecurityAxis,,
ClassificationOfAssetsBasedOnSecurityMember,,
SecuredConsideredGoodMember,,
UnsecuredConsideredGoodMember,,
DoubtfulMember,,
LongTermTradeReceivablesLineItems,,
BreakupOfLongTermTradeReceivablesAbstract,,
LongTermTradeReceivablesGross,,
AllowancesForBadAndDoubtfulDebts,,
LongTermTradeReceivables,,
DetailsOfLongTermTradeReceivablesDueByDirectorsOtherOfficersOrOthersAbstract,,
LongTermTradeReceivablesDueByDirectors,,
LongTermTradeReceivablesDueByOtherOfficers,,
LongTermTradeReceivablesDueByOthers,,
LongTermTradeReceivablesDueByDirectorsOtherOfficersOrOthers,,
DetailsOfLongTermTradeReceivablesDueByFirmsOrCompaniesInWhichAnyDirectorIsPartnerOrDirectorAbstract,,
LongTermTradeReceivablesDueByFirmsInWhichAnyDirectorIsPartner,,
LongTermTradeReceivablesDueByPrivateCompaniesInWhichAnyDirectorIsDirector,,
LongTermTradeReceivablesDueByPrivateCompaniesInWhichAnyDirectorIsMember,,
LongTermTradeReceivablesDueByFirmsOrCompaniesInWhichAnyDirectorIsPartnerOrDirector,,
ShareLongTermTradeReceivablesJointVentures,,
GrossAmountDueFromCustomersForContractWorkNoncurrent,,
OtherNoncurrentAssetsOthers,,
OtherNoncurrentAssets,,
NatureOfOtherNoncurrentAssetsOthers,This is mandatory in case Value in OtherNoncurrentAssetsOthers is other than Zero,
ShareOtherNoncurrentAssetsJointVentures,,
InventoriesNotesAbstract,,
DisclosureOfNotesOnInventoriesExplanatoryTextBlock,,
InventoriesAbstract,,
AccountingPolicyOnInventoriesTextBlock,,
InventoryCostFormulaUsed,,
ClassificationOfInventoriesAbstract,,
ClassificationOfInventoriesTable,This table is mandatory if 'Inventories' is other than zero in balance sheet.,
ClassificationOfInventoriesAxis,,
CompanyTotalInventoriesMember,,
RawMaterialsMember,,
WorkInProgressMember,,
FinishedGoodsMember,,
StockInTradeMember,,
StoresAndSparesMember,,
LooseToolsMember,,
TransferableDevelopmentRightsMember,,
CertifiedEmissionRightsMember,,
OtherInventoriesMember,,
WasteMember,,
ScrapMember,,
OtherInventoriesOthersMember,,
DetailsOfInventoriesLineItems,,
Inventories,This is a mandatory field.,
GoodsInTransit,,
ModeOfValuation,,
NatureOfOtherInventories,Mandatory in case of 'OtherInventoriesOthersMember',
NumberOfCertifiedEmissionRightsHeldAsInventory,,
NumberOfCertifiedEmissionRightsUnderCertification,,
ShareInventoriesJointVentures,,
TradeReceivablesNotesAbstract,,
DisclosureOfNotesOnTradeReceivablesExplanatoryTextBlock,,
TradeReceivablesAbstract,,
AggregateAmountOfTradeReceivablesOutstandingForPeriodExceedingSixMonths,"This is a mandatory field. 
",
SubclassificationOfTradeReceivablesAbstract,,
SubclassificationOfTradeReceivablesTable,This table is mandatory if 'TrdaeReceivable' is other than zero in financial statements.,
ClassificationOfAssetsBasedOnSecurityAxis,,
ClassificationOfAssetsBasedOnSecurityMember,,
SecuredConsideredGoodMember,,
UnsecuredConsideredGoodMember,,
DoubtfulMember,,
SubclassificationOfTradeReceivablesLineItems,,
BreakupOfTradeReceivablesAbstract,,
TradeReceivablesGross,,
AllowanceForBadAndDoubtfulDebts,,
TradeReceivables,Summation of TradeReceivables - SecuredConsideredGoodMember; UnsecuredConsideredGoodMember;  DoubtfulMember should be equal to 'TradeReceivables' in financial statements.,
DetailsOfTradeReceivablesDueByDirectorsOtherOfficersOrOthersAbstract,,
TradeReceivablesDueByDirectors,,
TradeReceivablesDueByOtherOfficers,,
TradeReceivablesDueByOthers,,
TradeReceivablesDueByDirectorsOtherOfficersOrOthers,,
DetailsOfTradeReceivablesDueByFirmsOrCompaniesInWhichAnyDirectorIsPartnerOrDirectorAbstract,,
TradeReceivablesDueByFirmsInWhichAnyDirectorIsPartner,,
TradeReceivablesDueByPrivateCompaniesInWhichAnyDirectorIsDirector,,
TradeReceivablesDueByPrivateCompaniesInWhichAnyDirectorIsMember,,
TradeReceivablesDueByFirmsOrCompaniesInWhichAnyDirectorIsPartnerOrDirector,,
ShareTradeReceivablesJointVentures,,
CashAndBankBalancesNotesAbstract,,
DisclosureOfNotesOnCashAndBankBalancesExplanatoryTextBlock,,
CashAndBankBalancesAbstract,,
ClassificationOfCashAndBankBalancesAbstract,,
CashAndCashEquivalentsAbstract,,
BalanceWithBanksAbstract,,
FixedDepositsWithBanks,This is a mandatory field. Should be greater than or equal to zero,
OtherDepositsWithBanks,,
DepositRepaymentReserveAccountWithBanks,,
OtherBalancesWithBanks,,
BalanceWithBanks,This is a mandatory field,
ChequesDraftsOnHand,,
CashOnHand,"This is a mandatory field. 
Should be greater than or equal to zero.",
Others,,
CashAndCashEquivalents,,
OtherBankBalances,,
CashAndBankBalances,This is a mandatory field,
NatureOfOtherCashAndCashEquivalents,,
EarmarkedBalancesWithBanks,,
DetailsOfBalancesHeldWithBanksToExtentHeldAsMarginMoneyOrSecurityAgainstBorrowingsGuaranteesOrOtherCommitmentsAbstract,,
BalancesHeldWithBanksToExtentHeldAsMarginMoney,,
BalancesHeldWithBanksToExtentHeldAsSecurityAgainstBorrowings,,
BalancesHeldWithBanksToExtentHeldAsGuarantees,,
BalancesHeldWithBanksToExtentHeldAgainstOtherCommitments,,
BalancesHeldWithBanksToExtentHeldAsMarginMoneyOrSecurityAgainstBorrowingsGuaranteesOrOtherCommitments,This is a mandatory field.,
RepatriationRestrictionsIfAnyInRespectOfCashAndBankBalances,,
BankDepositsWithMoreThanTwelveMonthsMaturity,This is a mandatory field.,
ShareCashAndCashEquivalentsJointVentures,,
DisclosureOfDetailsOfBalancesWithBanksAbstract,,
DisclosureOfDetailsOfBalancesWithBanksTable,,
DetailsOfBalancesWithBanksAxis,,
DetailsOfBalancesWithBanksLineItems,,
NameOfBank,,
AccountNumberOfBank,,
ClosingBalanceHeldInBank,,
DisclosureOfDetailsOfBalancesWithForeignBanksAbstract,,
DisclosureOfDetailsOfBalancesWithForeignBanksTable,,
DetailsOfBalancesWithForeignBanksAxis,,
DetailsOfBalancesWithForeignBanksLineItems,,
NameOfForeignBank,,
NationalityOfForeignBank,,
BalanceOutstandingWithForeignBank,,
MaximumBalanceOutstandingDuringYearWithForeignBank,,
OtherCurrentAssetsNotesAbstract,,
DisclosureOfNotesOnOtherCurrentAssetsExplanatoryTextBlock,,
OtherCurrentAssetsAbstract,,
UnbilledRevenue,,
UnamortisedPremiumOfForwardContracts,,
OtherUnamortisedExpenses,,
GrossAmountDueFromCustomersForContractWorkCurrent,,
DividendReceivableAbstract,,
DividendReceivableSubsidiaries,,
DividendReceivableOthers,,
DividendReceivable,,
InterestReceivable,,
DerivativeAssets,,
TangibleAssetsHeldForSale,,
OtherCurrentAssetsOthers,,
OtherCurrentAssets,,
NatureOfOtherCurrentAssets,,
ShareOtherCurrentAssetsJointVentures,,
[200700] Notes - Additional disclosures on balance sheet,,
name,,
DisclosureOfAdditionalBalanceSheetNotesExplanatoryTextBlock,,
AdditionalBalanceSheetNotesAbstract,,
ContingentLiabilitiesAndCommitmentsAbstract,,
ClassificationOfContingentLiabilitiesAbstract,,
ClaimsAgainstCompanyNotAcknowledgedAsDebt,,
Guarantees,,
OtherMoneyForWhichCompanyIsContingentlyLiable,,
ContingentLiabilities,,
ClassificationOfCommitmentsAbstract,,
EstimatedAmountOfContractsRemainingToBeExecutedOnCapitalAccountAndNotProvidedFor,,
UncalledLiabilityOnSharesAndOtherInvestmentsPartlyPaid,,
OtherCommitments,,
Commitments,,
NatureOfOtherCommitments,,
ContingentLiabilitiesAndCommitments,This is a mandatory field.,
DetailsRegardingDividendsAbstract,,
AmountOfDividendsProposedToBeDistributedToEquityShareholders,This is a mandatory field in case of standalone instance document. Should be greater than or equal to zero,
AmountOfPerShareDividendProposedToBeDistributedToEquityShareholders,This is a mandatory field in case of standalone instance document. . Should be greater than or equal to zero,
AmountOfDividendsProposedToBeDistributedToPreferenceShareholders,,
AmountOfPerShareDividendProposedToBeDistributedToPreferenceShareholders,Should be greater than or equal to zero,
ArrearsOfFixedCumulativeDividendsOnPreferenceShares,,
PercentageOfProposedDividend,Shall be greater than or equal to zero ,
DetailsOfOutstandingUnutilisedAmountsReceivedInRespectOfIssueOfSecuritiesForSpecificPurposeAbstract,,
DescriptionOfHowOutstandingUnutilisedAmountsReceivedInRespectOfIssueOfSecuritiesForSpecificPurposeAreUsed,,
OutstandingUnutilisedAmountsReceivedInRespectOfIssueOfSecuritiesForSpecificPurpose,,
AmountOfUnutilisedAmountsInvested,,
ExplanationOfOpinionOfBoardIfRealizableValueOfAnyOfAssetsOtherThanFixedAssetsAndNoncurrentInvestmentsIsLessThanItsCarryingAmount,,
DetailsOfDisclosuresRequiredUnderMSMEDAct2006Abstract,,
DetailsOfDisclosuresRequiredUnderMSMEDAct2006Table,,
MicroSmallMediumEnterprisesAxis,,
DetailsOfDisclosuresRequiredUnderMSMEDAct2006LineItems,,
PrincipalAndInterestDueRemainingUnpaidAbstract,,
PrincipalDueRemainingUnpaid,,
InterestDueRemainingUnpaid,,
PrincipalAndInterestDueRemainingUnpaid,,
AmountOfInterestPaidUnderMSMEDAct2006,,
AmountOfPaymentsMadeToSupplierBeyondDueDateDuringYear,,
AmountOfInterestDueAndPayableForPeriod,,
AmountOfInterestAccruedAndRemainingUnpaidAtEndOfAccountingYear,,
AmountOfFurtherInterestDueAndPayableEvenInSucceedingYear,,
MaximumAmountOutstandingForPeriodFromMicroSmallMediumEnterprises,,
NameSupplierBeingMicroSmallMediumEnterprises,,
CINOfMicroSmallAndMediumEnterprise,Valid CIN. Should be different from CIN of filing company (CorporateIdentityNumber).  CIN entered in repetitive dimesnsion members should be unique.,
DetailsOfDisclosureRegardingCompaniesLimitedByGuaranteeAbstract,,
AmountEachMemberUndertakesToContributeAsPerMemorandumOfAssociationInCaseOfCompaniesLimitedByGuaranteeHavingShareCapital,,
AmountEachMemberUndertakesToContributeAsPerMemorandumOfAssociationInCaseOfCompaniesLimitedByGuaranteeNotHavingShareCapital,,
DisclosureOfInformationOnDeviationFromAccountingStandardsBalanceSheetAbstract,,
DisclosureOfInformationOnDeviationFromAccountingStandardsBalanceSheet,,
DisclosureOfReasonsForDeviationFromAccountingStandardsBalanceSheet,,
FinancialEffectOfDeviationFromAccountingStandardsBalanceSheet,,
DisclosureOfInformationOnDerivativeInstrumentsAbstract,,
DisclosureOfCategoryWiseQuantitativeDataAboutOutstandingDerivativeInstrumentsExplanatoryTextBlock,,
DisclosureOfPurposeForWhichDerivativeInstrumentsHaveBeenAcquired,,
DetailsOfShareCapitalHeldByForeignCompaniesAbstract,,
PercentageOfShareCapitalHeldByForeignCompany,Should be greater than or equal to zero. Should not be greater than 100%. Mandatory if 'ValueOfShareCapitalHeldByForeignCompany' is entered.,
ValueOfShareCapitalHeldByForeignCompany,Should be greater than or equal to zero. Mandatory if 'PercentageOfShareCapitalHeldByForeignCompany' is entered.,
PercentageOfPaidUpCapitalHeldByForeignHoldingCompanyAndOrWithItsSubsidiaries,Should be greater than or equal to zero. Should not be greater than 100%. Mandatory if 'ValueOfPaidUpCapitalHeldByForeignHoldingCompanyAndOrWithItsSubsidiaries' is entered.,
ValueOfPaidUpCapitalHeldByForeignHoldingCompanyAndOrWithItsSubsidiaries,Should be greater than or equal to zero. Mandatory if 'PercentageOfPaidUpCapitalHeldByForeignHoldingCompanyAndOrWithItsSubsidiaries' is entered.,
DetailsOfShareholdingPatternOfPromotersAndPublicAbstract,,
DetailsOfShareholdingPatternOfPromotersAndPublicTable,,
ShareholdingPatternOfPromotersAndPublicAxis,,
ShareholdingPatternOfPromotersAndPublicMember,,
PromotersMember,,
PublicShareholdingMember,,
ClassificationBasedOnNationalityOrOriginAxis,,
ClassificationBasedOnNationalityOrOriginMember,,
IndianMember,,
ForeignMember,,
DetailsOfShareholdingPatternOfPromotersAndPublicLineItems,,
NumberOfSharesHeldByIndian,,
PercentageOfSharesHeldByIndian,,
NumberOfSharesHeldByNonResidentIndian,,
PercentageOfSharesHeldByNonResidentIndian,,
NumberOfSharesHeldByForeignNationalOtherThanNonResidentIndian,,
PercentageOfSharesHeldByForeignNationalOtherThanNonResidentIndian,,
NumberOfSharesHeldByCentralGovernment,,
PercentageOfSharesHeldByCentralGovernment,,
NumberOfSharesHeldByStateGovernment,,
PercentageOfSharesHeldByStateGovernment,,
NumberOfSharesHeldByGovernmentCompanies,,
PercentageOfSharesHeldByGovernmentCompanies,,
NumberOfSharesHeldByInsuranceCompanies,,
PercentageOfSharesHeldByInsuranceCompanies,,
NumberOfSharesHeldByBanks,,
PercentageOfSharesHeldByBanks,,
NumberOfSharesHeldByFinancialInstitutions,,
NumberOfSharesHeldByForeignInstitutionalInvestors,,
PercentageOfSharesHeldByForeignInstitutionalInvestors,,
NumberOfSharesHeldByMutualFunds,,
PercentageOfSharesHeldByMutualFunds,,
NumberOfSharesHeldByVentureCapital,,
PercentageOfSharesHeldByVentureCapital,,
NumberOfSharesHeldByBodyCorporate,,
PercentageOfSharesHeldByBodyCorporate,,
NumberOfSharesHeldByOthers,,
PercentageOfSharesHeldByOthers,,
PercentageOfShares,,
NumberOfShareholdersPublic,,
NumberOfShareholdersPromoters,,
NumberOfShareholdersPromotersAndPublic,,
DetailsOfProvisionMadeByNidhiCompaniesAbstract,,
AmountOfProvisionsToBeMadeOnAccountOfIncomeReversalAndNonPerformingAssetsRemainingUnrealised,,
CumulativeAmountProvidedTillPreviousYear,,
AmountProvidedInCurrentYear,,
BalanceAmountToBeProvided,,
DetailsOfDepositsAbstract,,
DepositsAcceptedOrRenewedDuringPeriod,This is a mandatory field. Should be greater than or equal to zero,
DepositsMaturedAndClaimedButNotPaidDuringPeriod,This is a mandatory field. Should be greater than or equal to zero,
DepositsMaturedAndClaimedButNotPaid,This is a mandatory field. Should be greater than or equal to zero,
DepositsMaturedButNotClaimed,This is a mandatory field. Should be greater than or equal to zero,
InterestOnDepositsAccruedAndDueButNotPaid,This is a mandatory field. Should be greater than or equal to zero,
DisclosureOfEquityShareWarrantsAbstract,,
EquityShareWarrants,Should be greater than or equal to zero,
ChangesInEquityShareWarrantsDuringPeriodAbstract,,
AdditionsToEquityShareWarrantsDuringPeriod,Should be greater than or equal to zero,
DeductionsInEquityShareWarrantsDuringPeriod,Should be greater than or equal to zero,
ChangesInEquityShareWarrantsDuringPeriod,,
EquityShareWarrants,Should be greater than or equal to zero,
BreakupOfEquityShareWarrantsAbstract,,
EquityShareWarrantsForExistingMembers,Should be greater than or equal to zero,
EquityShareWarrantsForOthers,Should be greater than or equal to zero,
EquityShareWarrants,Should be greater than or equal to zero,
DetailsOfShareApplicationMoneyReceivedAndPaidAbstract,,
ShareApplicationMoneyReceivedDuringYear,This is mandatory field. Should be greater than or equal to zero,
ShareApplicationMoneyPaidDuringYear,This is mandatory field. Should be greater than or equal to zero,
AmountOfShareApplicationMoneyReceivedBackDuringYear,This is mandatory field. Should be greater than or equal to zero,
AmountOfShareApplicationMoneyRepaidReturnedBackDuringYear,This is mandatory field. Should be greater than or equal to zero,
NumberOfPersonShareApplicationMoneyPaidDuringYear,This is mandatory field. Should be greater than or equal to zero,
NumberOfPersonShareApplicationMoneyReceivedDuringYear,This is mandatory field. Should be greater than or equal to zero,
NumberOfPersonShareApplicationMoneyPaidAsAtEndOfYear,This is mandatory field. Should be greater than or equal to zero,
NumberOfPersonShareApplicationMoneyReceivedAsAtEndOfYear,This is mandatory field. Should be greater than or equal to zero,
ShareApplicationMoneyReceivedAndDueForRefund,,
DisclosureOfWhetherAllAssetsAndLiabilitiesAreRegisteredWithCompany,,
DisclosureOfSalientFeaturesOfArrangementOrAcquisition,,
DisclosureOfDetailsPertainingToOilAndGasProducingCompaniesAbstract,,
MethodOfAccountingFollowedByUpstreamPetroleumIndustry,,
NetQuantitiesOfEnterprisesInterestsInProvedReservesAndProvedDevelopedReservesOfOilIncludingCondensateAndNaturalGasLiquidsAndGasAsAtBeginningAndAdditionsDeductionsProductionAndClosingBalanceForYearExplanatoryTextBlock,,
NetQuantitiesOfEnterprisesInterestInProvedReservesAndProvedDevelopedReservesOfOilAndGasOnGeographicalBasisExplanatoryTextBlock,,
DetailsOnSweatEquitySharesAbstract,,
AmountOfSweatEquitySharesIssued,,
DetailsRegardingCostRecordsAndCostAuditAbstract,,
DetailsRegardingCostRecordsAndCostAuditExplanatoryTextBlock,,
DetailsRegardingCostRecordsAbstract,,
WhetherMaintenanceOfCostRecordsByCompanyHasBeenMandatedUnderCompaniesCostRecordsAndAuditRules2014      ,This is a mandatory field in case of standalone instance document only.,
IfYesCentralExciseTariffActHeadingInWhichProductOrServiceIsCoveredUnderCostRecords,Mandatory if Yes is selected in 'WhetherMaintenanceOfCostRecordsByTheCompanyHasBeenMandatedUnderCompaniesCostRecordsAndAuditRules2014',
DetailsRegardingCostAuditAbstract,,
"
WhetherAuditOfCostRecordsOfCompanyHasBeenMandatedUnderRulesSpecifiedInSN1",Mandatory if Yes is selected in 'WhetherMaintenanceOfCostRecordsByTheCompanyHasBeenMandatedUnderCompaniesCostRecordsAndAuditRules2014',
"
IfYesCentralExciseTariffActHeadingInWhichProductOrServiceIsCoveredUnderCostAudit",This is a mandatory field if Yes is selected in 'WhetherAuditOfCostRecordsOfTheCompanyHasBeenMandatedUnderRulesSpecifiedInSN1',
NetWorthOfCompany,,
DisclosureOfDatesRegardingUnclaimedAmountsAbstract,,
DisclosureOfDatesFromWhichDividendIsUnclaimedBeyondSevenYearsExplanatoryTextBlock,,
DateFromWhichDividendIsUnclaimedBeyondSevenYears,,
DisclosureOfDatesFromWhichDepositsIsUnclaimedBeyondSevenYearsExplanatoryTextBlock,,
DateFromWhichDepositsIsUnclaimedBeyondSevenYears,,
DisclosureOfDatesFromWhichShareApplicationMoneyIsUnclaimedBeyondSevenYearsExplanatoryTextBlock,,
DateFromWhichShareApplicationMoneyIsUnclaimedBeyondSevenYears,,
DisclosureOfDatesFromWhichInterestOnDepositsIsUnclaimedBeyondSevenYearsExplanatoryTextBlock,,
DateFromWhichInterestOnDepositsIsUnclaimedBeyondSevenYears,,
DisclosureOfDatesFromWhichDebenturesIsUnclaimedBeyondSevenYearsExplanatoryTextBlock,,
DateFromWhichDebenturesIsUnclaimedBeyondSevenYearsExplanatory,,
DisclosureOfDatesFromWhichInterestOnDebenturesIsUnclaimedBeyondSevenYearsExplanatoryTextBlock,,
DateFromWhichInterestOnDebenturesIsUnclaimedBeyondSevenYears,,
DisclosurePertainingToCompaniesAcceptanceOfDepositRulesAbstract,,
DisclosureInAccordanceWithCeilingsForLiquidAssetsAndSmallDepositorsExplanatoryTextBlock,,
DetailsOfUnclaimedLiabilitiesAbstract,,
UnclaimedShareApplicationRefundMoney,"This is a mandatory field. 
Should be greater than or equal to zero.",
UnclaimedMaturedDebentures,"This is a mandatory field. 
Should be greater than or equal to zero.",
UnclaimedMaturedDeposits,"This is a mandatory field. 
Should be greater than or equal to zero.",
InterestUnclaimedAmount,"This is a mandatory field. 
Should be greater than or equal to zero.",
DetailsOfAcquisitionAndDisposalOfInvestmentsAbstract,,
AcquisitionAndDisposalOfInvestmentsTable,,
AcquisitionAndDisposalOfInvestmentsAxis,,
AcquisitionAndDisposalOfInvestmentsLineItems,,
NatureOfInvestmentPurchasedOrSoldDuringPeriod,,
TypeOfInvestment,,
NumberOfUnitsPurchased,Should be greater than or equal to zero,
FaceValueOfUnitsPurchased,Should be greater than or equal to zero,
PurchasePricePerUnit,Should be greater than or equal to zero,
NumberOfUnitsSold,Should be greater than or equal to zero,
SellingPricePerUnit,Should be greater than or equal to zero,
FinancialParametersBalanceSheetItemsAbstract,,
InvestmentInSubsidiaryCompanies,,
InvestmentInGovernmentCompanies,,
AmountDueForTransferToInvestorEducationAndProtectionFund,,
NumberOfWarrantsConvertedIntoEquitySharesDuringPeriod,This is a mandatory field,
NumberOfWarrantsConvertedIntoPreferenceSharesDuringPeriod,This is a mandatory field,
NumberOfWarrantsConvertedIntoDebenturesDuringPeriod,This is a mandatory field,
NumberOfWarrantsIssuedDuringPeriodInForeignCurrency,This is a mandatory field,
NumberOfWarrantsIssuedDuringPeriodINR,This is a mandatory field,
NumberOfShareholdersToWhomSharesAreAllottedUnderPrivatePlacementDuringPeriod,,
,,
"[200800] Notes - Disclosure of accounting policies, changes in accounting policies and estimates",,
name,,
DisclosureOfAccountingPoliciesChangeInAccountingPoliciesAndChangesInEstimatesExplanatoryTextBlock,This is mandatory in case of current financial year.,
DisclosureOfGeneralInformationAboutCompanyTextBlock,,
DisclosureOfAccountingPoliciesExplanatoryTextBlock,,
ChangesInAccountingEstimateAndAccountingPolicyExplanatoryTextBlock,,
DescriptionOfChangesInAccountingEstimatesAbstract,,
NatureOfChangesInAccountingEstimate,,
AmountOfChangesInAccountingEstimateHavingMaterialEffectInCurrentPeriod,,
AmountOfChangesInAccountingEstimateHavingMaterialEffectInSubsequentPeriod,,
DescriptionOfFactThatChangeInEstimateIsNotQuantifiable,,
DescriptionOfChangesInAccountingPolicyAbstract,,
DescriptionOfChangeInAccountingPolicy,,
NewPolicyOfAccounting,,
OldPolicyOfAccounting,,
ReasonForChangingAccountingPolicies,,
DescriptionOfImpactOfAndAdjustmentsResultingFromChangeInAccountingPolicy,,
DescriptionOfFactThatEffectOfChangeInAccountingPolicyIsNotAscertainable,,
DescriptionOfFactThatFundamentalAccountingAssumptionIsNotFollowed,,
[200900] Notes - Events occurring after balance sheet date,,
name,,
DisclosureOfEventsOccurringAfterBalanceSheetDateExplanatoryTextBlock,,
DescriptionOfNatureOfEventAfterBalanceSheetDate,,
EstimateOfFinancialEffectOfEventAfterBalanceSheetDate,,
DescriptionOfStatementOfFactThatEstimateOfFinancialEffectOfEventAfterBalanceSheetDateCouldNotBeMade,,
[201000] Notes - Tangible assets,,
name,,
DisclosureOfNotesOnTangibleAssetsExplanatoryTextBlock,,
DisclosureOfAccountingPolicyOnTangibleAssetsTextBlock,,
DisclosureOfTangibleAssetsAbstract,,
DisclosureOfTangibleAssetsTable,This Table is Mandatory if value entered in 'TangibleAssets' in Balance sheet is greater than zero.,
ClassesOfTangibleAssetsAxis,,
CompanyTotalTangibleAssetsMember,,
LandMember,,
BuildingsMember,,
ResidentialBuildingMember,,
OfficeBuildingMember,,
FactoryBuildingMember,,
OtherBuildingMember,,
PlantAndEquipmentMember,,
FactoryEquipmentsMember,,
EmissionReductionEquipmentMember,,
OtherPollutionReductionEquipmentMember,,
OtherPlantAndEquipmentMember,,
FurnitureAndFixturesMember,,
VehiclesMember,,
ShipsVesselsMember,,
AircraftsHelicoptersMember,,
MotorVehiclesMember,,
OfficeEquipmentMember,,
ComputerEquipmentsMember,,
LeaseholdImprovementsMember,,
OtherTangibleAssetsMember,,
LivestockMember,,
BridgesRoadsPortsCulvertsMember,,
RailwaySidingsMember,,
BooksPeriodicalsMember,,
PlantationsMember,,
MinesQuarriesMember,,
OtherTangibleAssetsOthersMember,,
SubClassesOfTangibleAssetsAxis,,
OwnedAndLeasedAssetsMember,,
AssetsHeldUnderLeaseMember,,
AssetsGivenUnderOperatingLeaseMember,,
OwnedAssetsMember,,
CarryingAmountAccumulatedDepreciationAndGrossCarryingAmountAxis,,
CarryingAmountMember,,
GrossCarryingAmountMember,,
AccumulatedDepreciationAndImpairmentMember,,
DisclosureOfTangibleAssetsLineItems,,
NatureOfOtherTangibleAssets,Mandatory in case of OtherTangibleAssetsOthersMember,
ReconciliationOfChangesInTangibleAssetsAbstract,,
TangibleAssets,"Should be greater than equal to zero. 

Value in  CarryingAmountMember should be equal to 'GrossCarryingAmountMember' less 'AccumulatedDepreciationAndImpairmentMember'",
ChangesInTangibleAssetsAbstract,,
AdditionsOtherThanThroughBusinessCombinationsTangibleAssets,,
AcquisitionsThroughBusinessCombinationsTangibleAssets,,
DepreciationTangibleAssets,,
ImpairmentLossRecognisedInProfitOrLossTangibleAssets,,
ReversalOfImpairmentLossRecognisedInProfitOrLossTangibleAssets,,
RevaluationIncreaseDecreaseTangibleAssets,,
DisposalsTangibleAssetsAbstract,,
DisposalsTangibleAssetsThroughDemergers,,
DisposalsTangibleAssetsOthers,,
DisposalsTangibleAssets,,
OtherAdjustmentsTangibleAssetsAbstract,,
IncreaseDecreaseThroughNetExchangeDifferencesTangibleAssets,,
OtherAdjustmentsTangibleAssetsOthers,,
OtherAdjustmentsTangibleAssets,,
ChangesInTangibleAssets,Value in  CarryingAmountMember should be equal to 'GrossCarryingAmountMember' less 'AccumulatedDepreciationAndImpairmentMember',
TangibleAssets,"Should be greater than equal to zero. 

Summation of CarryingAmountMember for the following first level child members in ClassesOfTangibleAssetsAxis  should be equal to 'TangibleAssets' in Balance sheet:
LandMember
BuildingsMember
PlantAndEquipmentMember
FurnitureAndFixturesMember
VehiclesMember
OfficeEquipmentMember
ComputerEquipmentMember
LeaseholdImprovementsMember
OtherTangibleAssetsMember

",
DisclosureOfAdditionalInformationTangibleAssetsAbstract,,
DisclosureOfAdditionalInformationTangibleAssetsTable,This Table is Mandatory if value entered in 'TangibleAssets' in financial statements is greater than zero.,
ClassesOfTangibleAssetsAxis,,
CompanyTotalTangibleAssetsMember,,
LandMember,,
BuildingsMember,,
ResidentialBuildingMember,,
OfficeBuildingMember,,
FactoryBuildingMember,,
OtherBuildingMember,,
PlantAndEquipmentMember,,
FactoryEquipmentsMember,,
EmissionReductionEquipmentMember,,
OtherPollutionReductionEquipmentMember,,
OtherPlantAndEquipmentMember,,
FurnitureAndFixturesMember,,
VehiclesMember,,
ShipsVesselsMember,,
AircraftsHelicoptersMember,,
MotorVehiclesMember,,
OfficeEquipmentMember,,
ComputerEquipmentsMember,,
LeaseholdImprovementsMember,,
OtherTangibleAssetsMember,,
LivestockMember,,
BridgesRoadsPortsCulvertsMember,,
RailwaySidingsMember,,
BooksPeriodicalsMember,,
PlantationsMember,,
MinesQuarriesMember,,
OtherTangibleAssetsOthersMember,,
SubClassesOfTangibleAssetsAxis,,
OwnedAndLeasedAssetsMember,,
AssetsHeldUnderLeaseMember,,
AssetsGivenUnderOperatingLeaseMember,,
OwnedAssetsMember,,
DisclosureOfAdditionalInformationTangibleAssetsLineItems,,
DepreciationMethodTangibleAssets,,
UsefulLivesOrDepreciationRatesTangibleAssets,,
DescriptionOfJustificationForUsingHigherRatesOfDepreciationThanPrescribedRate,,
ExplanationOnRevaluationOfFixedAssetsAbstract,,
ExplanationOfBasisForRevaluationOnSystematicBasis,,
ExplanationOfRevaluationMethodsTangibleAssets,,
NatureOfIndicesUsedInRevaluation,,
YearOfAppraisalMade,,
DescriptionOfWhetherIndependentValuerWasUsedForValuationOfTangibleAssets,,
AdditionalDepreciationOnRevaluedAmountOfTangibleAssetsDisclosedSeparatelyIfMaterial,,
TangibleAssetsCarryingAmountOfAssetsRetiredFromActiveUse,,
AmountOfReductionOrIncreaseToTangibleAssetsDueToRevaluationOfAssetsOrReductionOfCapitalAsApplicableExplanatoryTextBlock,,
DateOfSuchReductionOrIncreaseToTangibleAssetsExplanatoryTextBlock,,
TangibleAssetsRestrictionsOnTitleAbstract,,
DescriptionOfExistenceOfRestrictionsOnTitleTangibleAssets,,
TangibleAssetsPurchasedOnHirePurchase,,
TangibleAssetsJointlyOwnedByEnterpriseAndAccountedForOnProRataBasis,,
ExpenditureIncurredOnAccountOfTangibleAssetsInCourseOfConstructionOrAcquisition,,
ShareTangibleAssetsJointVenturesNet,,
[201100] Notes - Intangible assets,,
name,,
DisclosureOfNotesOnIntangibleAssetsExplanatoryTextBlock,,
DisclosureOfIntangibleAssetsAbstract,,
DisclosureOfIntangibleAssetsTable,Table is mandatory if amount of 'IntangibleAssets' in Balance Sheet is greater than zero.,
ClassesOfIntangibleAssetsAxis,,
CompanyTotalIntangibleAssetsMember,,
GoodwillMember,,
GoodwillOnConsolidationSubsidiariesMember,,
GoodwillOnInvestmentsJointVenturesMember,,
BrandsAndTradeMarksMember,,
BrandsMember,,
TradeMarksMember,,
ComputerSoftwareMember,,
MastheadsAndPublishingTitlesMember,,
MiningRightsMember,,
CopyrightsPatentsAndOtherOperatingRightsMember,,
CopyrightsMember,,
PatentsMember,,
OtherIntellectualPropertyRightsMember,,
ServicesAndOperatingRightsMember,,
RecipesFormulaeModelsDesignsAndPrototypesMember,,
RecipesMember,,
FormulaeMember,,
ModelsMember,,
DesignsMember,,
PrototypesMember,,
LicensesAndFranchiseMember,,
LicensesMember,,
ExplorationLicenseMember,,
FranchiseMember,,
OtherIntangibleAssetsMember,,
KnowhowMember,,
CommercialContractualRightsMember,,
OtherIntangibleAssetsOthersMember,,
SubClassesOfIntangibleAssetsAxis,,
InternallyGeneratedAndOtherThanInternallyGeneratedIntangibleAssetsMember,,
InternallyGeneratedIntangibleAssetsMember,,
IntangibleAssetsOtherThanInternallyGeneratedMember,,
CarryingAmountAccumulatedAmortizationAndImpairmentAndGrossCarryingAmountAxis,,
CarryingAmountMember,,
GrossCarryingAmountMember,,
AccumulatedAmortizationAndImpairmentMember,,
DisclosureOfIntangibleAssetsLineItems,,
NatureOfOtherIntangibleAssets,Mandatory in case of OtherIntangibleAssetsOthersMember,
ReconciliationOfChangesInIntangibleAssetsAbstract,,
IntangibleAssets,"Should be greater than equal to zero. 

Value in CarryingAmountMember should be equal to 'GrossCarryingAmountMember' less 'AccumulatedAmortizationAndImpairmentMember'",
ChangesInIntangibleAssetsAbstract,,
AdditionsToIntangibleAssetsAbstract,,
AdditionsThroughInternalDevelopment,,
AdditionsOtherThanThroughBusinessCombinationsIntangibleAssets,,
AcquisitionsThroughBusinessCombinationsIntangibleAssets,,
AdditionsToIntangibleAssets,,
AmortizationIntangibleAssets,,
ImpairmentLossRecognisedInProfitOrLossIntangibleAssets,,
ReversalOfImpairmentLossRecognisedInProfitOrLossIntangibleAssets,,
RevaluationIncreaseDecreaseIntangibleAssets,,
DisposalsIntangibleAssetsAbstract,,
DisposalsIntangibleAssetsThroughDemergers,,
DisposalsIntangibleAssetsOthers,,
DisposalsIntangibleAssets,,
RetirementsOfIntangibleAssets,,
OtherAdjustmentsIntangibleAssetsAbstract,,
IncreaseDecreaseThroughNetExchangeDifferencesIntangibleAssets,,
OtherAdjustmentsIntangibleAssetsOthers,,
OtherAdjustmentsIntangibleAssets,,
ChangesInIntangibleAssets,"
Value in  CarryingAmountMember should be equal to 'GrossCarryingAmountMember' less 'AccumulatedAmortizationAndImpairmentMember'",
IntangibleAssets,"Should be greater than equal to zero. 

Summation of CarryingAmountMember for the following members in ClassesOf IntangibleAssetsAxis should be equal to 'IntangibleAssets' in Balance sheet:
GoodwillMember
BrandsAndTradeMarksMember
ComputerSoftwareMember
MastheadsAndPublishingTitlesMember
MiningRightsMember
CopyrightsPatentsAndOtherOperatingRightsMember
RecipesFormulaeModelsDesignsAndPrototypesMember
LicensesAndFranchiseMember
OtherIntangibleAssetsMember

",
DisclosureOfAdditionalInformationIntangibleAssetsAbstract,,
DisclosureOfAdditionalInformationIntangibleAssetsTable,This Table is Mandatory if value entered in 'IntangibleAssets' in Balance sheet is greater than zero.,
ClassesOfIntangibleAssetsAxis,,
CompanyTotalIntangibleAssetsMember,,
GoodwillMember,,
GoodwillOnConsolidationSubsidiariesMember,,
GoodwillOnInvestmentsJointVenturesMember,,
BrandsAndTradeMarksMember,,
BrandsMember,,
TradeMarksMember,,
ComputerSoftwareMember,,
MastheadsAndPublishingTitlesMember,,
MiningRightsMember,,
CopyrightsPatentsAndOtherOperatingRightsMember,,
CopyrightsMember,,
PatentsMember,,
OtherIntellectualPropertyRightsMember,,
ServicesAndOperatingRightsMember,,
RecipesFormulaeModelsDesignsAndPrototypesMember,,
RecipesMember,,
FormulaeMember,,
ModelsMember,,
DesignsMember,,
PrototypesMember,,
LicensesAndFranchiseMember,,
LicensesMember,,
ExplorationLicenseMember,,
FranchiseMember,,
OtherIntangibleAssetsMember,,
KnowhowMember,,
CommercialContractualRightsMember,,
OtherIntangibleAssetsOthersMember,,
SubClassesOfIntangibleAssetsAxis,,
InternallyGeneratedAndOtherThanInternallyGeneratedIntangibleAssetsMember,,
InternallyGeneratedIntangibleAssetsMember,,
IntangibleAssetsOtherThanInternallyGeneratedMember,,
DisclosureOfAdditionalInformationIntangibleAssetsLineItems,,
UsefulLivesOrAmortizationRatesIntangibleAssets,,
DescriptionOfAmortizationMethodUsed,,
AmountOfReductionOrIncreaseToIntangibleAssetsDueToRevaluationOfAssetsOrReductionOfCapitalAsApplicableExplanatoryTextBlock,,
DateOfSuchReductionOrIncreaseToIntangibleAssetsExplanatoryTextBlock,,
DescriptionOfReasonsForPresumptionOfUsefulLifeOfIntangibleAssetsForMoreThan10Years,,
DescriptionOfFactorsThatPlayedSignificantRoleInDeterminingUsefulLifeOfMoreThan10Years,,
IntangibleAssetsRestrictionsOnTitleAbstract,,
CarryingAmountOfIntangibleAssetsRestrictionsOnTitle,,
DescriptionOfExistenceOfRestrictionsOnTitleIntangibleAssets,,
CarryingAmountOfIntangibleAssetsPledgedAsSecurity,,
ContractualCommitmentsForAcquisitionOfIntangibleAssets,,
DisclosureOfInformationOnMaterialIndividualIntangibleAssetsAbstract,,
DisclosureOfInformationOnMaterialIndividualIntangibleAssetsTable,,
MaterialIndividualIntangibleAssetsAxis,,
MaterialIndividualIntangibleAssetsMember,,
GoodwillMember,,
GoodwillOnConsolidationSubsidiariesMember,,
GoodwillOnInvestmentsJointVenturesMember,,
BrandsAndTradeMarksMember,,
BrandsMember,,
TradeMarksMember,,
ComputerSoftwareMember,,
MastheadsAndPublishingTitlesMember,,
MiningRightsMember,,
CopyrightsPatentsAndOtherOperatingRightsMember,,
CopyrightsMember,,
PatentsMember,,
OtherIntellectualPropertyRightsMember,,
ServicesAndOperatingRightsMember,,
RecipesFormulaeModelsDesignsAndPrototypesMember,,
RecipesMember,,
FormulaeMember,,
ModelsMember,,
DesignsMember,,
PrototypesMember,,
LicensesAndFranchiseMember,,
LicensesMember,,
ExplorationLicenseMember,,
FranchiseMember,,
OtherIntangibleAssetsMember,,
KnowhowMember,,
CommercialContractualRightsMember,,
OtherIntangibleAssetsOthersMember,,
DisclosureOfInformationOnMaterialIndividualIntangibleAssetsLineItems,,
DescriptionOfMaterialIntangibleAsset,,
CarryingAmountOfMaterialIntangibleAsset,,
RemainingAmortizationPeriodOfMaterialIntangibleAsset,,
AggregateAmountOfResearchAndDevelopmentExpenditureRecognisedAsExpense,,
DescriptionOfFullyAmortisedIntangibleAssetThatIsStillInUse,,
ShareIntangibleAssetsJointVenturesNet,,
[201200] Notes - Employee benefits,,
name,,
DisclosureOfEmployeeBenefitsExplanatoryTextBlock,This is mandatory field in case of current financial year and stand alone instance document only.,
DisclosureOfDefinedBenefitPlansAbstract,,
DisclosureOfDefinedBenefitPlansTable,,
DefinedBenefitPlansAxis,,
DefinedBenefitPlansMember,,
ForeignDefinedBenefitPlansMember,,
DomesticDefinedBenefitPlansMember,,
MultiemployerDefinedBenefitPlansMember,,
DefinedBenefitPlansCategoriesAxis,,
DisclosureOfDefinedBenefitPlansLineItems,,
DescriptionOfAccountingPolicyForDefinedBenefitPlans,,
DescriptionOfTypeOfPlan,,
ReconciliationOfChangesInPresentValueOfDefinedBenefitObligationAbstract,,
DefinedBenefitObligationAtPresentValue,,
ChangesInDefinedBenefitObligationAtPresentValueAbstract,,
IncreaseDecreaseThroughCurrentServiceCostDefinedBenefitObligationAtPresentValue,,
IncreaseDecreaseThroughInterestCostDefinedBenefitObligationAtPresentValue,,
AmalgamationsDefinedBenefitObligationAtPresentValue,,
DecreaseIncreaseThroughActuarialGainsLossesDefinedBenefitObligationAtPresentValue,,
ContributionsByPlanParticipantsDefinedBenefitObligationAtPresentValue,,
DecreaseThroughBenefitsPaidDefinedBenefitObligationAtPresentValue,,
IncreaseDecreaseThroughPastServiceCostDefinedBenefitObligationAtPresentValue,,
DecreaseIncreaseThroughCurtailmentsDefinedBenefitObligationAtPresentValue,,
DecreaseIncreaseThroughSettlementsDefinedBenefitObligationAtPresentValue,,
IncreaseDecreaseThroughNetExchangeDifferencesDefinedBenefitObligationAtPresentValue,,
ChangesInDefinedBenefitObligationAtPresentValue,,
DefinedBenefitObligationAtPresentValue,,
DefinedBenefitObligationArisingFromWhollyUnfundedPlans,,
DefinedBenefitObligationArisingFromWhollyOrPartlyFundedPlans,,
ReconciliationOfChangesInFairValueOfPlanAssetsAbstract,,
PlanAssetsAtFairValue,,
ChangesInPlanAssetsAtFairValueAbstract,,
IncreaseDecreaseThroughActuarialGainsLossesPlanAssetsAtFairValue,,
AmalgamationsPlanAssetsAtFairValue,,
IncreaseDecreaseThroughExpectedReturnPlanAssetsAtFairValue,,
DecreaseThroughBenefitsPaidPlanAssetsAtFairValue,,
IncreaseDecreaseThroughContributionsByPlanParticipantsPlanAssetsAtFairValue,,
IncreaseDecreaseThroughContributionsByEmployerPlanAssetsAtFairValue,,
IncreaseDecreaseThroughNetExchangeDifferencesPlanAssetsAtFairValue,,
DecreaseIncreaseThroughSettlementsPlanAssetsAtFairValue,,
ChangesInPlanAssetsAtFairValue,,
PlanAssetsAtFairValue,,
ReimbursementRightsAtFairValue,,
ChangesInReimbursementRightsAtFairValueAbstract,,
IncreaseDecreaseThroughActuarialGainsLossesReimbursementRightsAtFairValue,,
AmalgamationsReimbursementRightsAtFairValue,,
IncreaseDecreaseThroughExpectedReturnReimbursementRightsAtFairValue,,
DecreaseThroughBenefitsPaidReimbursementRightsAtFairValue,,
IncreaseDecreaseThroughContributionsByPlanParticipantsReimbursementRightsAtFairValue,,
IncreaseDecreaseThroughContributionsByEmployerReimbursementRightsAtFairValue,,
IncreaseDecreaseThroughNetExchangeDifferencesReimbursementRightsAtFairValue,,
DecreaseIncreaseThroughSettlementsReimbursementRightsAtFairValue,,
ChangesInReimbursementRightsAtFairValue,,
ReimbursementRightsAtFairValue,,
RecognisedAssetsAndLiabilitiesOfDefinedBenefitPlansAbstract,,
RecognisedLiabilitiesDefinedBenefitPlan,,
RecognisedAssetsDefinedBenefitPlan,,
LiabilityAssetOfDefinedBenefitPlans,,
ReconciliationOfLiabilityAssetOfDefinedBenefitPlansAbstract,,
DefinedBenefitObligationAtPresentValue,,
PlanAssetsAtFairValue,,
ReimbursementRightsAtFairValue,,
UnrecognisedPastServiceCostNegativePastServiceCost,,
UnrecognisedAssetsOfDefinedBenefitPlans,,
OtherAmountsRecognisedForDefinedBenefitPlans,,
LiabilityAssetOfDefinedBenefitPlans,,
RecognisedExpenseOfDefinedBenefitPlansAbstract,,
CurrentServiceCostDefinedBenefitPlan,,
InterestCostDefinedBenefitPlan,,
ExpectedReturnOnPlanAssetsDefinedBenefitPlan,,
ExpectedReturnOnRecognisedAssetsForReimbursementRightDefinedBenefitPlan,,
ActuarialGainsLossesRecognisedInProfitOrLossDefinedBenefitPlan,,
PastServiceCostRecognisedInProfitOrLossDefinedBenefitPlan,,
EffectOfCurtailmentAndSettlementRecognisedInProfitOrLossDefinedBenefitPlan,,
EffectsOfLimitInAS15Paragraph59B,,
PostemploymentBenefitExpenseDefinedBenefitPlans,,
DescriptionOfLineItemsInStatementOfProfitAndLossInWhichExpenseOfDefinedBenefitPlansIsRecognised,,
DescriptionOfPercentageOrAmountWhichEachMajorCategoryContributesToFairValueOfTotalPlanAssetsTextBlock,,
EquityInstrumentsAmountContributedToFairValueOfPlanAssets,,
DebtInstrumentsAmountContributedToFairValueOfPlanAssets,,
PropertyAmountContributedToFairValueOfPlanAssets,,
OtherAssetsAmountContributedToFairValueOfPlanAssets,,
EquityInstrumentsPercentageContributedToFairValueOfPlanAssets,,
DebtInstrumentsPercentageContributedToFairValueOfPlanAssets,,
PropertyPercentageContributedToFairValueOfPlanAssets,,
OtherAssetsPercentageContributedToFairValueOfPlanAssets,,
AmountsOfEnterprisesOwnFinancialInstrumentsIncludedInFairValueOfPlanAssets,,
AmountsOfPropertyOccupiedByEnterpriseIncludedInFairValueOfPlanAssets,,
AmountsOfOtherAssetsUsedByEnterpriseIncludedInFairValueOfPlanAssets,,
DescriptionOfBasisUsedToDetermineExpectedRateOfReturnOnAssets,,
ActualReturnOnPlanAssetsAndReimbursementRightRecognisedAsAssetAbstract,,
ActualReturnOnPlanAssetsRecognisedAsAsset,,
ActualReturnOnReimbursementRightRecognisedAsAsset,,
ActualReturnOnPlanAssetsAndReimbursementRightRecognisedAsAsset,,
ActuarialAssumptionAbstract,,
ActuarialAssumptionOfDiscountRates,,
ActuarialAssumptionOfExpectedRatesOfReturnOnPlanAssets,,
ActuarialAssumptionOfExpectedRatesOfReturnOnReimbursementRightRecognisedAsAsset,,
ActuarialAssumptionOfExpectedRatesOfSalaryIncreases,,
ActuarialAssumptionOfMedicalCostTrendRates,,
OtherMaterialActuarialAssumptions,,
AssertionOnFutureSalaryIncreases,,
ExperienceAdjustmentsOnPlanAssetsAndPlanLiabilitiesAbstract,,
DefinedBenefitObligationAtPresentValue,,
PlanAssetsAtFairValue,,
SurplusDeficitInPlan,,
ExperienceAdjustmentsOnPlanLiabilities,,
ExperienceAdjustmentsOnPlanAssets,,
PercentageOfExperienceAdjustmentsOnPlanLiabilities,,
PercentageOfExperienceAdjustmentsOnPlanAssets,,
EstimateOfContributionsExpectedToBePaidToPlan,,
EffectOfIncreaseOrDecreaseOfOnePercentagePointInMedicalCostTrendRatesAbstract,,
EffectOfIncreaseOfOnePercentagePointAggregateCurrentServiceCostAndInterestCost,,
EffectOfDecreaseOfOnePercentagePointAggregateCurrentServiceCostAndInterestCost,,
EffectOfIncreaseOfOnePercentagePointAccumulatedPostemploymentBenefitObligationForMedicalCosts,,
EffectOfDecreaseOfOnePercentagePointAccumulatedPostemploymentBenefitObligationForMedicalCosts,,
DescriptionOfFactThatMultiemployerPlanIsDefinedBenefitPlanButAccountedAsDefinedContributionPlan,,
DescriptionOfReasonWhySufficientInformationIsNotAvailableToAccountForMultiemployerPlanAsDefinedBenefitPlan,,
DescriptionOfInformationAboutSurplusOrDeficitOfMultiemployerPlan,,
DescriptionOfBasisUsedToDetermineSurplusOrDeficitOfMultiemployerPlan,,
DescriptionOfImplicationsOfSurplusOrDeficitOnMultiemployerPlanForEnterprise,,
DescriptionOfRelatedPartyTransactionsInRelationToPostemploymentBenefitPlansAbstract,,
InformationAboutRelatedPartyTransactionsWithPostemploymentBenefitPlans,,
InformationAboutPostemploymentBenefitsForKeyManagementPersonnel,,
DetailsOnTerminationBenefitsAbstract,,
DescriptionOfNatureOfObligationTerminationBenefitsContingentLiability,,
DescriptionOfInformationAboutTerminationBenefitsForKeyManagementPersonnel,,
DescriptionOfNatureOfTerminationBenefitsExpense,,
TerminationBenefitsExpense,,
DescriptionOfInformationShortTermEmployeeBenefitsForKeyManagementPersonnel,,
DetailsOfDefinedContributionPlansAbstract,,
AmountRecognisedAsExpenseForDefinedContributionPlans,,
DescriptionOfInformationOnDefinedContributionPlansForKeyManagementPersonnel,,
[201300] Notes - Segments,,
name,,
DisclosureOfEnterprisesReportableSegmentsExplanatoryTextBlock,,
DescriptionOfFactThatThereIsOnlyOneBusinessSegmentAndOneGeographicSegment,,
DescriptionOfBasisOfAccountingAndChangesInBasisForTransactionsBetweenReportableSegments,,
DescriptionOfNatureOfChangesFromPriorPeriodsInAccountingPoliciesOnReportedSegmentAbstract,,
NatureOfChangesFromPriorPeriodsInAccountingPoliciesOnReportedSegment,,
FinancialEffectOfChangesFromPriorPeriodsInAccountingPoliciesOnReportedSegment,,
DisclosureOfReportableSegmentsAbstract,,
DisclosureOfPrimaryReportableSegmentsAbstract,,
DisclosureOfPrimaryReportableSegmentsTable,,
EnterprisesPrimaryReportableSegmentsAxis,,
EnterprisesPrimaryReportableSegmentsMember,,
PrimaryReportableSegmentsMember,,
PrimaryReportableSegments1Member,,
PrimaryReportableSegments2Member,,
PrimaryReportableSegments3Member,,
PrimaryReportableSegments4Member,,
PrimaryReportableSegments5Member,,
PrimaryReportableSegments6Member,,
PrimaryReportableSegments7Member,,
PrimaryReportableSegments8Member,,
PrimaryReportableSegments9Member,,
PrimaryReportableSegments10Member,,
PrimaryReportableSegments11Member,,
PrimaryReportableSegments12Member,,
PrimaryReportableSegments13Member,,
PrimaryReportableSegments14Member,,
PrimaryReportableSegments15Member,,
PrimaryReportableSegments16Member,,
PrimaryReportableSegments17Member,,
PrimaryReportableSegments18Member,,
PrimaryReportableSegments19Member,,
PrimaryReportableSegments20Member,,
MaterialReconcilingItemsForPrimaryReportableSegmentsMember,,
EliminationOfPrimaryIntersegmentAmountsMember,,
UnallocatedPrimarySegmentAmountsMember,,
DisclosureOfPrimaryReportableSegmentsLineItems,,
NatureOfPrimaryReportableSegment,,
RevenuePrimaryReportableSegment,,
RevenuesFromTransactionsWithOtherReportableSegmentsOfSameEnterprisePrimaryReportableSegment,,
RevenuesFromExternalCustomersAndTransactionsWithOtherReportableSegmentsOfSameEnterprisePrimaryReportableSegment,,
SegmentResultPrimaryReportableSegment,,
AssetsPrimaryReportableSegment,,
LiabilitiesPrimaryReportableSegment,,
CostIncurredToAcquireTangibleAndIntangibleAssetsPrimaryReportableSegmentAbstract,,
CostIncurredToAcquireTangibleAssetsPrimaryReportableSegment,,
CostIncurredToAcquireIntangibleAssetsPrimaryReportableSegment,,
CostIncurredToAcquireTangibleAndIntangibleAssetsPrimaryReportableSegment,,
DepreciationAndAmortisationExpensePrimaryReportableSegment,,
NoncashItemsOtherThanDepreciationAndAmortizationIncludedInArrivingAtSegmentResultsPrimaryReportableSegment,,
CashFlowsFromUsedInOperatingActivitiesPrimaryReportableSegment,,
CashFlowsFromUsedInInvestingActivitiesPrimaryReportableSegment,,
CashFlowsFromUsedInFinancingActivitiesPrimaryReportableSegment,,
DescriptionOfMaterialReconcilingItemsPrimaryReportableSegment,,
DescriptionOfFactThatSegmentResultHasBeenArrivedAtAfterConsideringInterestAsPerAS16BorrowingCostPrimaryReportableSegment,,
DescriptionOfTypesOfProductsAndServicesIncludedInEachReportedSegmentPrimaryReportableSegment,,
DescriptionOfCompositionOfGeographySegmentsIncludedInEachReportedSegmentPrimaryReportableSegment,,
DisclosureOfSecondaryReportableSegmentsAbstract,,
DisclosureOfSecondaryReportableSegmentsTable,,
EnterprisesSecondaryReportableSegmentsAxis,,
EnterprisesSecondaryReportableSegmentsMember,,
SecondaryReportableSegmentsMember,,
SecondaryReportableSegments1Member,,
SecondaryReportableSegments2Member,,
SecondaryReportableSegments3Member,,
SecondaryReportableSegments4Member,,
SecondaryReportableSegments5Member,,
SecondaryReportableSegments6Member,,
SecondaryReportableSegments7Member,,
SecondaryReportableSegments8Member,,
SecondaryReportableSegments9Member,,
SecondaryReportableSegments10Member,,
SecondaryReportableSegments11Member,,
SecondaryReportableSegments12Member,,
SecondaryReportableSegments13Member,,
SecondaryReportableSegments14Member,,
SecondaryReportableSegments15Member,,
SecondaryReportableSegments16Member,,
SecondaryReportableSegments17Member,,
SecondaryReportableSegments18Member,,
SecondaryReportableSegments19Member,,
SecondaryReportableSegments20Member,,
MaterialReconcilingItemsForSecondaryReportableSegmentsMember,,
EliminationOfSecondaryIntersegmentAmountsMember,,
UnallocatedSecondarySegmentAmountsMember,,
DisclosureOfSecondaryReportableSegmentsLineItems,,
NatureOfSecondaryReportableSegment,,
RevenueSecondaryReportableSegment,,
RevenuesFromTransactionsWithOtherReportableSegmentsOfSameEnterpriseSecondaryReportableSegment,,
RevenuesFromExternalCustomersAndTransactionsWithOtherReportableSegmentsOfSameEnterpriseSecondaryReportableSegment,,
SegmentResultSecondaryReportableSegment,,
AssetsSecondaryReportableSegment,,
LiabilitiesSecondaryReportableSegment,,
CostIncurredToAcquireTangibleAndIntangibleAssetsSecondaryReportableSegmentAbstract,,
CostIncurredToAcquireTangibleAssetsSecondaryReportableSegment,,
CostIncurredToAcquireIntangibleAssetsSecondaryReportableSegment,,
CostIncurredToAcquireTangibleAndIntangibleAssetsSecondaryReportableSegment,,
DepreciationAndAmortisationExpenseSecondaryReportableSegment,,
NoncashItemsOtherThanDepreciationAndAmortizationIncludedInArrivingAtSegmentResultsSecondaryReportableSegment,,
CashFlowsFromUsedInOperatingActivitiesSecondaryReportableSegment,,
CashFlowsFromUsedInInvestingActivitiesSecondaryReportableSegment,,
CashFlowsFromUsedInFinancingActivitiesSecondaryReportableSegment,,
DescriptionOfMaterialReconcilingItemsSecondaryReportableSegment,,
DescriptionOfFactThatSegmentResultHasBeenArrivedAtAfterConsideringInterestAsPerAS16BorrowingCostSecondaryReportableSegment,,
DescriptionOfTypesOfProductsAndServicesIncludedInEachReportedSegmentSecondaryReportableSegment,,
DescriptionOfCompositionOfGeographySegmentsIncludedInEachReportedSegmentSecondaryReportableSegment,,
AdditionalGeographicalDisclosureOfRevenueFromCustomersBasedOnCustomerLocationAbstract,,
AdditionalGeographicalDisclosureOfRevenueFromCustomersBasedOnCustomerLocationTable,,
GeographicalDisclosureOfRevenueFromCustomersBasedOnCustomerLocationAxis,,
GeographicalDisclosureOfRevenueFromCustomersBasedOnCustomerLocationLineItems,,
DescriptionOfRevenueFromExternalCustomersBasedOnCustomerLocation,,
RevenueFromExternalCustomers,,
AdditionalGeographicalDisclosureOfDetailsOnAssetsBasedOnLocationOfAssetsAbstract,,
AdditionalGeographicalDisclosureOfDetailsOnAssetsBasedOnLocationOfAssetsTable,,
GeographicalDisclosureOfDetailsOnAssetsBasedOnLocationOfAssetsAxis,,
GeographicalDisclosureOfDetailsOnAssetsBasedOnLocationOfAssetsLineItems,,
DescriptionOfSegmentAssetsBasedOnLocationOfAssets,,
SegmentAssetsBasedOnLocationOfAssets,,
CostIncurredToAcquireTangibleAndIntangibleAssetsBasedOnLocationOfAssetsAbstract,,
CostIncurredToAcquireTangibleAssetsBasedOnLocationOfAssets,,
CostIncurredToAcquireIntangibleAssetsBasedOnLocationOfAssets,,
CostIncurredToAcquireTangibleAndIntangibleAssetsBasedOnLocationOfAssets,,
[201400] Notes - Leases,,
name,,
DisclosureOfLeasesExplanatoryTextBlock,,
DisclosureOfFinanceLeaseAndOperatingLeaseByLesseeAbstract,,
DisclosureOfFinanceLeaseByLesseeAbstract,,
DisclosureOfMinimumFinanceLeasePaymentsAndPresentValueByLesseeAbstract,,
DisclosureOfMinimumFinanceLeasePaymentsAndPresentValueByLesseeTable,,
MaturityAxis,,
AggregatedTimeBandsMember,,
NotLaterThanOneYearMember,,
LaterThanOneYearAndNotLaterThanFiveYearsMember,,
LaterThanFiveYearsMember,,
DisclosureOfFinanceLeaseByLesseeLineItems,,
MinimumFinanceLeasePaymentsPayable,,
MinimumFinanceLeasePaymentsPayableAtPresentValue,,
FutureFinanceChargeOnFinanceLease,,
ContingentRentsRecognisedAsExpenseClassifiedAsFinanceLease,,
ExpectedFutureMinimumSubleasePaymentsReceivableUnderNonCancellableSubleasesClassifiedAsFinanceLease,,
DescriptionOfSignificantLeasingArrangementsByLesseeClassifiedAsFinanceLeaseAbstract,,
DescriptionOfBasisOnWhichContingentRentPaymentsAreDeterminedForFinanceLease,,
DescriptionOfExistenceAndTermsOfRenewalOrPurchaseOptionsAndEscalationClausesForFinanceLease,,
DescriptionOfRestrictionsImposedByLeaseArrangementsForFinanceLease,,
DisclosureOfOperatingLeaseByLesseeAbstract,,
DisclosureOfMinimumOperatingLeasePaymentsByLesseeAbstract,,
DisclosureOfMinimumOperatingLeasePaymentsByLesseeTable,,
MaturityAxis,,
AggregatedTimeBandsMember,,
NotLaterThanOneYearMember,,
LaterThanOneYearAndNotLaterThanFiveYearsMember,,
LaterThanFiveYearsMember,,
DisclosureOfOperatingLeaseByLesseeLineItems,,
MinimumOperatingLeasePaymentsPayable,,
ExpectedFutureMinimumSubleasePaymentsReceivableUnderNonCancellableSubleasesClassifiedAsOperatingLease,,
LeasePaymentsRecognisedAsExpenseAbstract,,
MinimumLeasePaymentsRecognisedAsExpenseClassifiedAsOperatingLease,,
ContingentRentsRecognisedAsExpenseClassifiedAsOperatingLease,,
LeasePaymentsRecognisedAsExpense,,
SubleasePaymentsReceivedOrReceivableRecognisedInStatementOfProfitOrLossClassifiedAsOperatingLease,,
DescriptionOfSignificantLeasingArrangementsByLesseeClassifiedAsOperatingLeaseAbstract,,
DescriptionOfBasisOnWhichContingentRentPaymentsAreDeterminedForOperatingLease,,
DescriptionOfExistenceAndTermsOfRenewalOrPurchaseOptionsAndEscalationClausesForOperatingLease,,
DescriptionOfRestrictionsImposedByLeaseArrangementsForOperatingLease,,
DisclosureOfFinanceLeaseAndOperatingLeaseByLessorAbstract,,
DisclosureOfFinanceLeaseByLessorAbstract,,
DisclosureOfGrossInvestmentInLeaseAndPresentValueOfMinimumLeasePaymentsReceivableInFinanceLeaseByLessorAbstract,,
DisclosureOfGrossInvestmentInLeaseAndPresentValueOfMinimumLeasePaymentsReceivableInFinanceLeaseByLessorTable,,
MaturityAxis,,
AggregatedTimeBandsMember,,
NotLaterThanOneYearMember,,
LaterThanOneYearAndNotLaterThanFiveYearsMember,,
LaterThanFiveYearsMember,,
DisclosureOfFinanceLeaseByLessorTableLineItems,,
GrossInvestmentInFinanceLease,,
UnearnedFinanceIncomeOnFinanceLease,,
MinimumFinanceLeasePaymentsReceivableAtPresentValue,,
UnguaranteedResidualValuesAccruingToBenefitOfLessor,,
AccumulatedProvisionForUncollectibleMinimumLeasePaymentsReceivable,,
ContingentRentsRecognisedAsIncomeClassifiedAsFinanceLease,,
DescriptionOfSignificantLeasingArrangementsByLessorClassifiedAsFinanceLease,,
DescriptionOfAccountingPolicyAdoptedInRespectOfInitialDirectCostByLessorClassifiedAsFinanceLease,,
DisclosureOfOperatingLeaseByLessorAbstract,,
DisclosureOfFutureMinimumLeasePaymentsReceivableUnderNonCancellableOperatingLeasesByLessorAbstract,,
DisclosureOfFutureMinimumLeasePaymentsReceivableUnderNonCancellableOperatingLeasesByLessorTable,,
MaturityAxis,,
AggregatedTimeBandsMember,,
NotLaterThanOneYearMember,,
LaterThanOneYearAndNotLaterThanFiveYearsMember,,
LaterThanFiveYearsMember,,
DisclosureOfFutureMinimumLeasePaymentsReceivableUnderNonCancellableOperatingLeasesByLessorLineItems,,
MinimumOperatingLeasePaymentsReceivable,,
ContingentRentsRecognisedAsIncomeClassifiedAsOperatingLease,,
DescriptionOfSignificantLeasingArrangementsByLessorClassifiedAsOperatingLease,,
DescriptionOfAccountingPolicyAdoptedInRespectOfInitialDirectCostByLessorClassifiedAsOperatingLease,,
DisclosureOfNameOfLessorLesseeAbstract,,
DisclosureOfNameOfLessorInCaseOfFinancialLeaseExplanatoryTextBlock,,
DisclosureOfNameOfLesseeInCaseOfOperatingLeaseExplanatoryTextBlock,,
WhetherAnyOperatingLeaseHasBeenConvertedToFinancialLeaseOrViceVersa,This item is mandatory.,
IfYesDetailsOfSuchConversionsTextBlock,"This item is mandatory only if Yes is selected in ""WhetherAnyOperatingLeaseHasBeenConvertedToFinancialLeaseOrViceVersa""",
[201500] Notes - Impairment,,
name,,
DisclosureOfImpairmentOfAssetsExplanatoryTextBlock,,
DisclosureOfImpairmentLossAndReversalOfImpairmentLossExplanatoryTextBlock,,
DisclosureOfImpairmentLossAndReversalOfImpairmentLossAbstract,,
DisclosureOfImpairmentLossAndReversalOfImpairmentLossTable,,
ClassesOfAssetsAxis,,
ClassesOfAssetsMember,,
TangibleAssetsMember,,
IntangibleAssetsMember,,
DisclosureOfImpairmentLossAndReversalOfImpairmentLossLineItems,,
ImpairmentLossRecognisedInProfitOrLoss,,
LineItemInStatementOfProfitOrLossWhereImpairmentLossIsRecognised,,
ReversalOfImpairmentLossRecognisedInProfitOrLoss,,
LineItemInStatementOfProfitOrLossWhereReversalOfImpairmentLossIsRecognised,,
ImpairmentLossDirectlyRecognisedInRevaluationSurplus,,
ReversalOfImpairmentLossDirectlyRecognisedInRevaluationSurplus,,
DisclosureOfImpairmentOfAssetsInPrimarySegmentDisclosureFormatExplanatoryTextBlock,,
DisclosureOfImpairmentOfAssetsInPrimarySegmentDisclosureFormatAbstract,,
DisclosureOfImpairmentOfAssetsInPrimarySegmentDisclosureFormatTable,,
PrimaryReportableSegmentsAxis,,
PrimaryReportableSegmentsMember,,
PrimaryReportableSegments1Member,,
PrimaryReportableSegments2Member,,
PrimaryReportableSegments3Member,,
PrimaryReportableSegments4Member,,
PrimaryReportableSegments5Member,,
PrimaryReportableSegments6Member,,
PrimaryReportableSegments7Member,,
PrimaryReportableSegments8Member,,
PrimaryReportableSegments9Member,,
PrimaryReportableSegments10Member,,
PrimaryReportableSegments11Member,,
PrimaryReportableSegments12Member,,
PrimaryReportableSegments13Member,,
PrimaryReportableSegments14Member,,
PrimaryReportableSegments15Member,,
PrimaryReportableSegments16Member,,
PrimaryReportableSegments17Member,,
PrimaryReportableSegments18Member,,
PrimaryReportableSegments19Member,,
PrimaryReportableSegments20Member,,
DisclosureOfImpairmentOfAssetsInPrimarySegmentDisclosureFormatLineItems,,
ImpairmentLossRecognisedInProfitOrLoss,,
ImpairmentLossDirectlyRecognisedInRevaluationSurplus,,
ReversalOfImpairmentLossRecognisedInProfitOrLoss,,
ReversalOfImpairmentLossDirectlyRecognisedInRevaluationSurplus,,
ExplanationOfImpairmentLossRecognisedOrReversedByClassOfAssetsAndByReportableSegment,,
DisclosureOfImpairmentLossRecognisedOrReversedAbstract,,
DisclosureOfImpairmentLossRecognisedOrReversedTable,,
IndividualAssetsOrCashGeneratingUnitsAxis,,
TotalForIndividualAssetsOrCashGeneratingUnitsMember,,
IndividualAssetsMember,,
CashGeneratingUnitsMember,,
ClassesOfAssetsAxis,,
TangibleAssetsMember,,
IntangibleAssetsMember,,
PrimaryReportableSegmentsAxis,,
PrimaryReportableSegmentsMember,,
PrimaryReportableSegments1Member,,
PrimaryReportableSegments2Member,,
PrimaryReportableSegments3Member,,
PrimaryReportableSegments4Member,,
PrimaryReportableSegments5Member,,
PrimaryReportableSegments6Member,,
PrimaryReportableSegments7Member,,
PrimaryReportableSegments8Member,,
PrimaryReportableSegments9Member,,
PrimaryReportableSegments10Member,,
PrimaryReportableSegments11Member,,
PrimaryReportableSegments12Member,,
PrimaryReportableSegments13Member,,
PrimaryReportableSegments14Member,,
PrimaryReportableSegments15Member,,
PrimaryReportableSegments16Member,,
PrimaryReportableSegments17Member,,
PrimaryReportableSegments18Member,,
PrimaryReportableSegments19Member,,
PrimaryReportableSegments20Member,,
DisclosureOfImpairmentLossRecognisedOrReversedLineItems,,
ExplanationOfMainEventsAndCircumstancesThatLedToRecognitionOfImpairmentLossesAndReversalsOfImpairmentLosses,,
ImpairmentLoss,,
ReversalOfImpairmentLoss,,
NatureOfAsset,,
DescriptionOfCashGeneratingUnit,,
DescriptionOfCurrentAndFormerWayOfAggregatingAssetsWhereThereHasBeenChangeFromPreviousYearAndAlsoReasonsForChangeTextBlock,,
DisclosureOfWhetherRecoverableAmountOfAssetIsNetSellingPriceOrItsValueInUse,,
DisclosureOfBasisUsedToDetermineNetSellingPriceIfRecoverableAmountIsNetSellingPrice,,
DisclosureOfDiscountRateIfRecoverableAmountIsValueInUseAbstract,,
DiscountRateInCurrentEstimateOfValueInUse,,
DiscountRateInPreviousEstimateOfValueInUse,,
ExplanationOfMainClassesOfAssetsAffectedByImpairmentLossesOrReversalsOfImpairmentLossesForWhichNoDisclosureIsMadeUnderPara121OfAS28,,
ExplanationOfMainEventsAndCircumstancesThatLetToRecognitionOfTheseImpairmentLossesOrReversalsOfImpairmentLossesForWhichNoDisclosureIsMadeUnderPara121OfAS28,,
DescriptionOfKeyAssumptionsUsedToDetermineRecoverableAmountsOfAssetsOrCashGeneratingUnits,,
[201600] Notes - Related party,,
name,,
DisclosureOfNotesOnRelatedPartyExplanatoryTextBlock,,
DisclosureOfRelationshipAndTransactionsBetweenRelatedPartiesAbstract,,
WhetherThereAreAnyRelatedPartyTransactionsDuringYear,"This is a mandatory field.
",
DisclosureOfRelationshipAndTransactionsBetweenRelatedPartiesTable,This table is mandatory in case 'WhetherThereAreAnyRelatedPartyTransactionsDuringYear' is yes.,
CategoriesOfRelatedPartiesAxis,,
DisclosureOfRelationshipAndTransactionsBetweenRelatedPartiesLineItems,,
NameOfRelatedParty,"Name should be based on CINofrelatedparty, if entered",
CountryOfIncorporationOrResidenceOfRelatedParty,Should be valid country name as per List of countries,
PermanentAccountNumberOfRelatedParty,Either 'PermanentAccountNumberOfRelatedParty' or 'CINOfRelatedParty' is mandatory if country is India.  PAN entered in dimension should be unique. Should be different from PAN of the company. Should be valid PAN as per Income_tax_PAN  format.,
CINOfRelatedParty,"Either 'PermanentAccountNumberOfRelatedParty' or 'CINOfRelatedParty' is mandatory if country is India. 
Should be valid CIN. Should be different from CIN of filing company (CorporateIdentityNumber). CIN entered in repetitive dimension members should be unique",
IdentificationNumberOfForeignRelatedPartyInCountryOfIncorporationOrResidence,,
NatureOfIssuingAuthorityInCountryOfIncorporationOrResidence,,
DescriptionOfNatureOfRelatedPartyRelationship,(Holding company) or (Ultimate Holding company) should be selected in atleast one dimensional member in case Yes is selected in 'WhetherCompanyIsSubsidiaryCompany' and vice-a-versa.,
DescriptionOfNatureOfTransactionsWithRelatedParty,,
RelatedPartyTransactionsAbstract,,
PurchasesOfGoodsRelatedPartyTransactions,,
PurchasesOfGoodsRelatedPartyTransactionsPercentage,,
RevenueFromSaleOfGoodsRelatedPartyTransactions,,
RevenueFromSaleOfGoodsRelatedPartyTransactionsPercentage,,
PurchasesOfTangibleAssetsRelatedPartyTransactions,,
PurchasesOfTangibleAssetsRelatedPartyTransactionsPercentage,,
SalesOfTangibleAssetsRelatedPartyTransactions,,
SalesOfTangibleAssetsRelatedPartyTransactionsPercentage,,
ServicesReceivedRelatedPartyTransactions,,
ServicesReceivedRelatedPartyTransactionsPercentage,,
RevenueFromRenderingOfServicesRelatedPartyTransactions,,
RevenueFromRenderingOfServicesRelatedPartyTransactionsPercentage,,
LeasesAsLessorRelatedPartyTransactions,,
LeasesAsLessorRelatedPartyTransactionsPercentage,,
LeasesAsLesseeRelatedPartyTransactions,,
LeasesAsLesseeRelatedPartyTransactionsPercentage,,
AdvancesGivenDuringYearRelatedPartyTransactions,,
AdvancesGivenDuringYearRelatedPartyTransactionsPercentage,,
AdvancesTakenDuringYearRelatedPartyTransactions,,
AdvancesTakenDuringYearRelatedPartyTransactionsPercentage,,
InterestReceivedDuringYearRelatedPartyTransactions,,
InterestReceivedDuringYearRelatedPartyTransactionsPercentage,,
InterestPaidDuringYearRelatedPartyTransactions,,
InterestPaidDuringYearRelatedPartyTransactionsPercentage,,
ReimbursementOfExpensesIncurredOnBehalfOfCompanyDuringYearRelatedPartyTransactions,,
ReimbursementOfExpensesIncurredOnBehalfOfCompanyDuringYearRelatedPartyTransactionsPercentage,,
ReimbursementOfExpensesIncurredByRelatedPartyDuringYearRelatedPartyTransactions,,
ReimbursementOfExpensesIncurredByRelatedPartyDuringYearRelatedPartyTransactionsPercentage,,
HirePurchaseAsPurchaserRelatedPartyTransactions,,
HirePurchaseAsPurchaserRelatedPartyTransactionsPercentage,,
HirePurchaseAsSellerRelatedPartyTransactions,,
HirePurchaseAsSellerRelatedPartyTransactionsPercentage,,
ContributionToTrustControlledByCompanyInRelationToCSRExpenditure,,
ContributionToTrustControlledByCompanyInRelationToCSRExpenditurePercentage,,
TransfersOfResearchAndDevelopmentFromEntityRelatedPartyTransactions,,
TransfersOfResearchAndDevelopmentFromEntityRelatedPartyTransactionsPercentage,,
TransfersOfResearchAndDevelopmentToEntityRelatedPartyTransactions,,
TransfersOfResearchAndDevelopmentToEntityRelatedPartyTransactionsPercentage,,
TransfersUnderLicenseAgreementsFromEntityRelatedPartyTransactions,,
TransfersUnderLicenseAgreementsFromEntityRelatedPartyTransactionsPercentage,,
TransfersUnderLicenseAgreementsToEntityRelatedPartyTransactions,,
TransfersUnderLicenseAgreementsToEntityRelatedPartyTransactionsPercentage,,
TransfersUnderFinanceAgreementsRelatedPartyTransactionsAbstract,,
TransfersOfLoanUnderFinanceAgreementsFromEntityRelatedPartyTransactions,,
TransfersOfLoanUnderFinanceAgreementsFromEntityRelatedPartyTransactionsPercentage,,
TransfersOfLoanUnderFinanceAgreementsToEntityRelatedPartyTransactions,,
TransfersOfLoanUnderFinanceAgreementsToEntityRelatedPartyTransactionsPercentage,,
EquityContributionsMadeUnderFinanceAgreementsRelatedPartyTransactions,,
EquityContributionsMadeUnderFinanceAgreementsRelatedPartyTransactionsPercentage,,
EquityContributionsReceivedUnderFinanceAgreementsRelatedPartyTransactions,,
EquityContributionsReceivedUnderFinanceAgreementsRelatedPartyTransactionsPercentage,,
ProvisionOfGuaranteesOrCollateralByEntityRelatedPartyTransactions,,
ProvisionOfGuaranteesOrCollateralByEntityRelatedPartyTransactionsPercentage,,
ProvisionOfGuaranteesOrCollateralToEntityRelatedPartyTransactions,,
ProvisionOfGuaranteesOrCollateralToEntityRelatedPartyTransactionsPercentage,,
ServicesReceivedFromManagementContracts,,
ServicesReceivedFromManagementContractsPercentage,,
RevenueFromServicesRenderedThroughManagementContracts,,
RevenueFromServicesRenderedThroughManagementContractsPercentage,,
ExpenseFromAgencyArrangements,,
ExpenseFromAgencyArrangementsPercentage,,
RevenueFormAgencyArrangements,,
RevenueFormAgencyArrangementsPercentage,,
OtherRelatedPartyTransactionsExpense,,
OtherRelatedPartyTransactionsExpensePercentage,,
OtherRelatedPartyTransactionsIncome,,
OtherRelatedPartyTransactionsIncomePercentage,,
OtherRelatedPartyTransactionsContributionMade,,
OtherRelatedPartyTransactionsContributionMadePercentage,,
OtherRelatedPartyTransactionsContributionReceived,,
OtherRelatedPartyTransactionsContributionReceivedPercentage,,
TransactionRelatingToKeyManagementPersonnelAbstract,,
DescriptionOfInformationAboutTerminationBenefitsForKeyManagementPersonnel,,
DescriptionOfInformationShortTermEmployeeBenefitsForKeyManagementPersonnel,,
DescriptionOfInformationOnDefinedContributionPlansForKeyManagementPersonnel,,
InformationAboutPostemploymentBenefitsForKeyManagementPersonnel,,
RemunerationForKeyManagerialPersonnel,Mandatory in case 'Key managerial Personnel' is selected in 'DescriptionOfNatureOfRelatedPartyRelationship',
RemunerationForKeyManagerialPersonnelPercentage,,
OutstandingBalancesForRelatedPartyTransactionsAbstract,,
AmountsPayableRelatedPartyTransactions,,
AmountsPayableRelatedPartyTransactionsPercentage,,
AmountsReceivableRelatedPartyTransactions,,
AmountsReceivableRelatedPartyTransactionsPercentage,,
ProvisionsForDoubtfulDebtsRelatedToOutstandingBalancesOfRelatedPartyTransaction,,
ProvisionsForDoubtfulDebtsRelatedToOutstandingBalancesOfRelatedPartyTransactionPercentage,,
ShareApplicationMoneyReceivedFromRelatedParty,,
ShareApplicationMoneyReceivedFromRelatedPartyPercentage,,
ShareApplicationMoneyGivenToRelatedParty,,
ShareApplicationMoneyGivenToRelatedPartyPercentage,,
MaximumAmountPayableToRelatedPartyDuringPeriod,,
MaximumAmountPayableToRelatedPartyDuringPeriodPercentage,,
MaximumAmountReceivableFromRelatedPartyDuringPeriod,,
MaximumAmountReceivableFromRelatedPartyDuringPeriodPercentage,,
AmountWrittenOffDuringPeriodInRespectOfDebtsDueFromRelatedParties,,
AmountWrittenOffDuringPeriodInRespectOfDebtsDueFromRelatedPartiesPercentage,,
AmountWrittenBackDuringPeriodInRespectOfDebtsDueToRelatedParties,,
AmountWrittenBackDuringPeriodInRespectOfDebtsDueToRelatedPartiesPercentage,,
DescriptionOfOtherRelatedPartyTransactionsWhichAreNecessaryForUnderstandingOfFinancialStatements,,
OtherInformationSubsidiaryDetailsAbstract,,
WhetherCompanyIsSubsidiaryCompany,"This is a mandatory field only in case of stand alone intance document.
",
SectionUnderWhichCompanyIsSubsidiary,Mandatory if WhetherCompanyIsSubsidiaryCompany is yes.,
[201700] Notes - Government grants,,
name,,
DisclosureOfNotesOnGovernmentGrantsExplanatoryTextBlock,,
AccountingPolicyAdoptedForGovernmentGrantsTextBlock,,
NatureAndExtentOfGovernmentGrantsRecognisedInFinancialStatements,,
DetailsOfGrantsOfNonMonetaryAssetsGivenAtConcessionalRateOrFreeOfCost,,
CapitalSubsidiesOrGrantsReceivedFromGovernmentAuthorities,This field is mandatory. Should be equal to or greater than zero,
RevenueSubsidiesOrGrantsReceivedFromGovernmentAuthorities,This field is mandatory. Should be equal to or greater than zero,
[201800] Notes - Borrowing cost,,
name,,
DisclosureOfNotesOnBorrowingCostsExplanatoryTextBlock,,
AccountingPolicyAdoptedForBorrowingCosts,,
BorrowingCostsCapitalised,,
[201900] Notes - Income taxes,,
name,,
DisclosureOfNotesOnIncomeTaxesExplanatoryTextBlock,,
DisclosureOfBreakupOfDeferredTaxAssetsAndDeferredTaxLiabilitiesAbstract,,
ComponentsOfDeferredTaxAssetsAbstract,,
DeferredTaxAssetEmployeeBenefits,,
DeferredTaxAssetExpenditureDisallowances,,
DeferredTaxAssetDepreciation,,
DeferredTaxAssetProvisionDoubtfulDebts,,
DeferredTaxAssetSundryDebtors,,
DeferredTaxAssetUnabsorbedDepreciation,,
DeferredTaxAssetUnrealisedCarriedForwardLosses,,
DeferredTaxAssetVRSPayment,,
DeferredTaxInRespectOfBusinessCombinations,,
DeferredTaxAssetOther,,
DeferredTaxAssets,,
ComponentsOfDeferredTaxLiabilitiesAbstract,,
DeferredTaxLiabilityDepreciation,,
DeferredTaxLiabilityExportIncentives,,
DeferredTaxLiabilityInvestments,,
DeferredTaxLiabilityProvisionDoubtfulDebts,,
DeferredTaxLiabilityProvisionEmployeeBenefits,,
DeferredTaxLiabilityProvisionExpenses,,
DeferredTaxLiabilityTechnicalKnowhowFees,,
DeferredTaxLiabilityOther,,
DeferredTaxLiabilities,,
DescriptionOfNatureOfEvidenceSupportingRecognitionOfDeferredTaxAssetsWhenEntityHasUnabsorbedDepreciationOrCarryForwardOfLosses,,
DetailsOfAdjustmentsOfDeferredTaxAssetAbstract,,
AdjustmentsOfDeferredTaxAssetAgainstGeneralReserveWhereApprovedByCourt,,
AdjustmentsOfDeferredTaxAssetAgainstSecuritiesPremiumWhereApprovedByCourt,,
[202000] Notes - Discontinuing operations,,
name,,
DisclosureOfNotesOnDiscontinuedOperationsExplanatoryTextBlock,,
DisclosureOfDiscontinuedOperationsAbstract,,
DisclosureOfDiscontinuedOperationsTable,,
DisclosureOfDiscontinuedOperationsAxis,,
DisclosureOfDiscontinuedOperationsLineItems,,
DescriptionOfDiscontinuedOperations,,
DescriptionOfSegmentInWhichDiscontinuedOperationIsReported,,
DateOfInitialDisclosureEventInCaseOfDiscontinuedOperations,,
NatureOfInitialDisclosureEventInCaseOfDiscontinuedOperations,,
DescriptionOfSignificantChangeSubsequentToInitialDisclosureInAmountOrTimingOfCashFlowsRelatingToAssetsToBeDisposedOrLiabilitiesToBeSettledAndEventsCausingSuchChange,,
DescriptionOfDateOrPeriodInWhichDiscontinuanceIsExpectedToBeCompletedIfKnownOrDeterminable,,
DescriptionOfFactOfAbandonmentOrWithdrawalFromPlanOfDiscontinuanceAndReasonThereFor,,
EffectOfAbandonmentOrWithdrawalFromPlanOfDiscontinuance,,
CarryingAmountOfDiscontinuedOperationsAbstract,,
CarryingAmountOfDiscontinuedOperationsAssetsToBeDisposed,,
CarryingAmountOfDiscontinuedOperationsLiabilitiesToBeSettled,,
RevenueDiscontinuedOperations,,
ExpensesDiscontinuedOperations,,
CashFlowsFromContinuingAndDiscontinuedOperationsAbstract,,
CashFlowsFromUsedInOperatingActivitiesAbstract,,
CashFlowsFromUsedInOperatingActivitiesContinuingOperations,,
CashFlowsFromUsedInOperatingActivitiesDiscontinuedOperations,,
CashFlowsFromUsedInOperatingActivities,,
CashFlowsFromUsedInInvestingActivitiesAbstract,,
CashFlowsFromUsedInInvestingActivitiesContinuingOperations,,
CashFlowsFromUsedInInvestingActivitiesDiscontinuedOperations,,
CashFlowsFromUsedInInvestingActivities,,
CashFlowsFromUsedInFinancingActivitiesAbstract,,
CashFlowsFromUsedInFinancingActivitiesContinuingOperations,,
CashFlowsFromUsedInFinancingActivitiesDiscontinuedOperations,,
CashFlowsFromUsedInFinancingActivities,,
DetailsOfPreTaxGainOrLossRecognisedOnDisposalOfAssetsOrSettlementOfLiabilitiesAttributableToDiscontinuedOperationsAndTaxThereonAbstract,,
PreTaxGainOrLossRecognisedOnDisposalOfAssetsOrSettlementOfLiabilitiesAttributableToDiscontinuedOperations,,
TaxOnDisposalOfAssetsOrSettlementOfLiabilitiesAttributableToDiscontinuedOperations,,
DetailsInCaseEntityHasEnteredInBindingSaleAgreementsAbstract,,
DetailsOfNetSellingPriceOrRangeOfPrices,,
ExpectedTimingOfReceiptOfCashFlow,,
CarryingAmountOfNetAssetsForWhichEntityHasEnteredIntoBindingSaleAgreementAsOnBalanceSheetDate,,
"[202100] Notes - Other provisions, contingent liabilities and contingent assets",,
name,,
DisclosureOfNotesOnOtherProvisionsContingentLiabilitiesAndContingentAssetsExplanatoryTextBlock,,
DisclosureOfOtherProvisionsExplanatoryTextBlock,,
DisclosureOfOtherProvisionsAbstract,,
DisclosureOfOtherProvisionsTable,,
ClassesOfOtherProvisionsAxis,,
CompanyTotalOtherProvisionsMember,,
WarrantyProvisionMember,,
RestructuringProvisionMember,,
CSRExpenditureProvisionMember,,
LegalProceedingsProvisionMember,,
RefundsProvisionMember,,
OnerousContractsProvisionMember,,
ProvisionForDecommissioningRestorationAndRehabilitationCostsMember,,
MiscellaneousOtherProvisionsMember,,
DisclosureOfOtherProvisionsLineItems,,
ReconciliationOfChangesInOtherProvisionsAbstract,,
OtherProvisions,,
ChangesInOtherProvisionsAbstract,,
AdditionalProvisionsOtherProvisions,,
IncreaseInExistingOtherProvisions,,
ProvisionUsedOtherProvisions,,
UnusedProvisionReversedOtherProvisions,,
ChangesInOtherProvisions,,
OtherProvisions,,
DescriptionOfNatureOfObligationOtherProvisions,,
DescriptionOfExpectedTimingOfOutflowsOtherProvisions,,
IndicationOfUncertaintiesOfAmountOrTimingOfOutflowsOtherProvisions,,
DescriptionOfMajorAssumptionsMadeConcerningFutureEventsOtherProvisions,,
AssetRecognisedForExpectedReimbursementOtherProvisions,,
ExpectedReimbursementOtherProvisions,,
DisclosureOfContingentLiabilitiesExplanatoryTextBlock,,
DisclosureOfContingentLiabilitiesAbstract,,
DisclosureOfContingentLiabilitiesTable,,
ClassesOfContingentLiabilitiesAxis,,
CompanyTotalContingentLiabilitiesMember,,
WarrantyContingentLiabilityMember,,
RestructuringContingentLiabilityMember,,
LegalProceedingsContingentLiabilityMember,,
OnerousContractsContingentLiabilityMember,,
ContingentLiabilityForDecommissioningRestorationAndRehabilitationCostsMember,,
ContingentLiabilitiesOfJointVentureMember,,
ContingenciesRelatedToGovernmentGrantMember,,
ShareOfContingentLiabilitiesOfAssociatesMember,,
OtherContingentLiabilitiesMember,,
IndemnityForGuaranteesGivenByBankMember,,
IndemnityForGuaranteesGivenByFinancialInstitutionsMember,,
GuaranteeGivenForLetterOfCreditMember,,
GuaranteeGivenForRelatedPartiesMember,,
OtherGuaranteesGivenMember,,
ContingentLiabilityOnBillDiscountedMember,,
ContingentLiabilityOnUncalledLiabilityOnPartlyPaidUpSharesMember,,
ContingentLiabilityOnDisputedTaxLiabilitiesRelatingToSalesServiceAndIncomeMember,,
ContingentLiabilityOnDisputedSalesTaxMember,,
ContingentLiabilityOnDisputedIncomeTaxMember,,
ContingentLiabilityOnDisputedExciseDemandsMember,,
ContingentLiabilityOnDisputedCustomDemandsMember,,
ContingentLiabilityOnDisputedServiceTaxDemandsMember,,
ContingentLiabilityOnOtherDisputedTaxLiabilitiesMember,,
ContingentLiabilityOnDisputedLiabilityRelatingToEmployeesAndOtherStaffMember,,
ContingentLiabilityRelatingToProvisionsUnderCompaniesActMember,,
ContingentLiabilityInForeignExchangeMember,,
ContingentLiabilitiesInRespectOfDerivativeTransactionsMember,,
ContingentLiabilityOnLiquidatedDamagesForDelayInDeliveryOfGoodsMember,,
ContingentLiabilityOnLeaseCommitmentsMember,,
ContingentLiabilityOnEnvironmentalLiabilitiesMember,,
ContingentLiabilityOnDisputedLiabilitiesPendingBeforeCourtMember,,
ContingentLiabilitiesInRespectOfTechnologyKnowhowFeesRoyaltiesMember,,
OtherContingentLiabilitiesOthersMember,,
DisclosureOfContingentLiabilitiesLineItems,,
DescriptionOfNatureOfContingentLiabilities,,
IndicationOfUncertaintiesOfAmountOrTimingOfOutflowsContingentLiabilities,,
EstimateOfFinancialEffectOfContingentLiabilities,,
DescriptionOfStatementOfFactThatEstimateOfFinancialEffectOnContingentLiabilitiesCouldNotBeMade,,
ExplanationOfPossibilityOfReimbursementContingentLiabilities,,
InformationAboutContingentLiabilitiesThatDisclosureIsNotPracticable,,
ExplanationOfReasonForNondisclosureOfInformationRegardingContingentLiability,,
[202200] Notes - Effects of changes in foreign exchange rates,,
name,,
DisclosureOfNotesOnEffectOfChangesInForeignExchangeRatesExplanatoryTextBlock,,
DescriptionOfReasonWhyReportingCurrencyIsDifferentFromCurrencyOfCountryInWhichEntityIsDomiciled,,
DescriptionOfReasonForChangeInReportingCurrency,,
DetailsOfChangeInClassificationOfSignificantForeignOperationAbstract,,
NatureOfChangeInClassificationOfSignificantForeignOperation,,
ReasonForChangeInClassificationOfSignificantForeignOperation,,
ImpactOfChangeInClassificationOfSignificantForeignOperationOnShareholdersFund,,
ImpactOnNetProfitOrLossOfChangeInClassificationOfSignificantForeignOperationForEachPriorPeriodPresentedTextBlock,,
DisclosureOfEntityForeignCurrencyRiskManagementPolicy,,
AmountOfForeignCurrencyExposureThatIsNotHedgedByDerivativeInstrument,,
DisclosureOfFactOfExerciseOfOptionMentionedInAS11Para46And46A,,
AmountRemainingToBeAmortizedInForeignCurrencyMonetaryItemTranslationDifferenceAssetAccountAsOfReportingDate,,
AmountRemainingToBeAmortizedInForeignCurrencyMonetaryItemTranslationDifferenceLiabilityAccountAsOfReportingDate,,
[202300] Notes - Amalgamation,,
name,,
DisclosureOfNotesOnAmalgamationsExplanatoryTextBlock,,
DisclosureOfAmalgamationsAbstract,,
DisclosureOfAmalgamationsTable,,
AmalgamationsAxis,,
DisclosureOfAmalgamationsLineItems,,
NameOfAmalgamatingCompany,"Name of the company should be based on CIN, if entered",
CountryOfIncorporationOrResidenceOfAmalgamatingCompany,Should be valid country name as per List of countries,
CINOfAmalgamatingCompany,Valid CIN. Mandatory if country is India. Should be different from CIN of filing company (CorporateIdentityNumber). CIN entered in repetitive dimensional members should be unique.,
GeneralNatureOfBusinessOfAmalgamatingCompany,,
EffectiveDateOfAmalgamationForAccountingPurposes,Should be less than or equal to system date. ,
MethodOfAccountingUsedToReflectAmalgamation,,
DescriptionOfParticularsOfSchemeSanctionedUnderStatute,,
AdjustmentsRelatedMergerAcquisitions,,
AdditionalDisclosuresForAmalgamationsAccountedUnderPoolingOfInterestMethodAbstract,,
DescriptionOfSharesIssued,,
NumberOfSharesIssuedUnderAmagamation,Should be greater than equal to zero.,
PercentageOfEachCompanysSharesExchangedToEffectAmalgamation,,
AmountOfDifferenceBetweenConsiderationAndValueOfNetIdentifiableAssetsAcquiredPoolingOfInterest,,
TreatmentOfDifferenceBetweenConsiderationAndValueOfNetIdentifiableAssetsAcquiredPoolingOfInterest,,
AdditionalDisclosuresForAmalgamationsAccountedUnderPurchaseMethodAbstract,,
ConsiderationForAmalgamation,,
DescriptionOfConsiderationPaidOrContingentlyPayable,,
AmountOfDifferenceBetweenConsiderationAndValueOfNetIdentifiableAssetsAcquiredPurchaseMethod,,
TreatmentOfDifferenceBetweenConsiderationAndValueOfNetIdentifiableAssetsAcquiredPurchaseMethod,,
PeriodOfAmortizationOfGoodwill,,
DescriptionOfAmalgamationEffectedAfterBalanceSheetDate,,
[202400] Notes - Investments in associates,,
name,,
DisclosureOfNotesOnInvestmentInAssociatesExplanatoryTextBlock,,
WhetherCompanyHasInvestedInAssociates,This is a mandatory field.,
DescriptionOfInformationOfAssociatesAbstract,,
DescriptionOfInformationOfAssociatesTable,Table should be mandatory in case 'Yes' selected in field 'WhetherCompanyHasInvestedInAssociates',
InvestmentsInAssociatesAxis,,
DescriptionOfInformationOfAssociatesLineItems,,
MethodOfAccountingUsed,,
NameOfAssociate,"Name should be based on CIN, if entered",
CountryOfIncorporationOrResidenceAssociate,Should be valid country name as per List of countries,
CINOfAssociateEntity,Valid CIN. Either CIN or PAN of associates is mandatory if country is India. Should be different from CIN of filing company (CorporateIdentityNumber).  CIN entered in repetitive dimensional members should be unique.,
PANOfAssociateEntity,Either PANOfassociate' or 'CINOfassociate' is mandatory if country is India.  PAN entered in repetitive dimensional members should be unique. Should be different from PAN of the filing company. Should be valid PAN as per Income_tax_PAN  format.,
NameOfAssociateForWhichReportingDateIsDifferent,"Name should be based on CIN, if entered",
CINOfAssociateEntityWhoseReportingDateIsDifferent,Valid CIN. Should be different from CIN of filing company (CorporateIdentityNumber).  CIN entered in repetitive dimension member should be unique.,
PANOfAssociateEntityWhoseReportingDateIsDifferent,PAN entered in repetitive dimension members should be unique. Should be different from PAN of the filing company. Should be valid PAN as per Income_tax_PAN  format.,
LatestAuditedBalanceSheetDate,,
WhetherAssociateHasBeenConsideredInConsolidation,,
ReasonWhyAssociateIsNotConsolidated,"This item is mandatory if""WhetherAssociateHasBeenConsideredInConsolidation"" is 'No'",
DescriptionOfAssociatesAbstract,,
DescriptionOfAssociates,,
DescriptionOfProportionOfOwnershipInterest,Should be greater than or equal to zero. Should be less than or equal to 100%,
DescriptionOfProportionOfVotingPower,Should be greater than or equal to zero. Should be less than or equal to 100%,
AmountOfInvestmentInAssociate,"This item is mandatory if""WhetherAssociateHasBeenConsideredInConsolidation"" is 'Yes'",
NumberOfSharesHeldOfAssociate,Should be greater than or eqaul to zero,
EndOfReportingPeriodOfFinancialStatementsOfAssociatesIfEndOfReportingPeriodIsDifferentFromEntitysEndOfReportingPeriod,,
DescriptionHowThereIsSignificantInfluenceInAssociate,,
NetWorthAttributableToShareholdingAsPerLatestAuditedBalanceSheetAssociate,,
ProfitLossForYearAssociate,,
ProfitLossForYearAssociateConsideredInConsolidation,,
ProfitLossForYearAssociateNotConsideredInConsolidation,,
DescriptionOfFactDifferentAccountingPoliciesUsedForAssociate,,
DescriptionOfDifferencesInAccountingPoliciesUsedByAssociate,,
DescriptionOfFactThatAssociateIsNotAccountedForUsingEquityMethod,,
GoodwillOrCapitalReserveIncludedInCarryingAmountOfInvestmentInAssociate,,
ShareOfContingentLiabilitiesOfAssociatesAbstract,,
ShareOfContingentLiabilitiesOfAssociatesIncurredJointlyWithOtherInvestors,,
ShareOfContingentLiabilitiesInRelationToCapitalCommitmentsOfAssociatesIncurredJointlyWithOtherInvestors,,
ContingentLiabilitiesOfAssociatesForWhichEntityIsSeverallyLiable,,
ShareOfExtraordinaryItemsOfAssociates,,
ShareOfPriorPeriodItemsOfAssociates,,
WhetherCompanyHasAssociatesWhichAreYetToCommenceOperations,This item is mandatory,
DetailsOfAssociatesWhichAreYetToCommenceOperationsAbstract,,
DetailsOfAssociatesWhichAreYetToCommenceOperationsTable,,
AssociatesWhichAreYetToCommenceOperationsAxis,,
DetailsOfAssociatesWhichAreYetToCommenceOperationsLineItems,,
NameOfAssociateWhichIsYetToCommenceOperations,Name should be based on 'CINOfAssociateWhichIsYetToCommenceOperations' if provided,
CountryOfIncorporationOrResidenceOfAssociateWhichIsYetToCommenceOperations,Should be a valid country as per the list of countries.,
CINOfAssociateWhichIsYetToCommenceOperations,"Should be a valid CIN, if provided. Should be different from CIN of filing company.",
PANOfAssociateWhichIsYetToCommenceOperations,Should be a valid PAN as per the income tax format.,
IdentificationNumberOfForeignAssociateWhichIsYetToCommenceOperationsInCountryOfIncorporationOrResidence,,
NatureOfIssuingAuthorityInCountryOfIncorporationOrResidenceAssociateWhichIsYetToCommenceOperations,,
WhetherCompanyHasAssociatesLiquidatedOrSoldDuringYear,,
DetailsOfAssociatesLiquidatedOrSoldDuringYearAbstract,,
DetailsOfAssociatesLiquidatedOrSoldDuringYearTable,,
AssociatesLiquidatedOrSoldDuringYearAxis,,
DetailsOfAssociatesLiquidatedOrSoldDuringYearLineItems,,
NameOfAssociateLiquidatedOrSoldDuringYear,Name should be based on 'CINOfAssociateLiquidatedOrSoldDuringYear',
CountryOfIncorporationOrResidenceOfAssociateLiquidatedOrSoldDuringYear,Should be a valid country as per the list of countries.,
CINOfAssociateLiquidatedOrSoldDuringYear,Should be a valid CIN. Should be different from CIN of filing company.,
PANOfAssociateLiquidatedOrSoldDuringYear,Should be a valid PAN as per the income tax format.,
IdentificationNumberOfForeignAssociateLiquidatedOrSoldDuringYearInCountryOfIncorporationOrResidence,,
NatureOfIssuingAuthorityInCountryOfIncorporationOrResidenceForeignAssociateLiquidatedOrSoldDuringYear,,
[202500] Notes - Financial reporting of interests in joint ventures,,
name,,
DisclosureOfNotesOnInterestsInJointVenturesExplanatoryTextBlock,,
WhetherCompanyHasInvestedInJointVentures,This is a mandatory field.,
ContingentLiabilitiesRelatedToJointVenturesAbstract,,
ContingentLiabilitiesIncurredByVenturerInRelationToInterestsInJointVentures,,
ShareOfContingentLiabilitiesIncurredJointlyWithOtherVenturers,,
ShareOfContingentLiabilitiesOfJointVenturesThemselves,,
ContingentLiabilitiesForWhichVenturerIsContingentlyLiableForLiabilitiesOfOtherVenturers,,
ContingentLiabilitiesRelatedToJointVentures,,
CapitalCommitmentsRelatedToJointVenturesAbstract,,
CapitalCommitmentsOfVenturerInRelationToInterestsInJointVentures,,
ShareOfCapitalCommitmentsIncurredJointlyWithOtherVenturers,,
ShareOfCapitalCommitmentsOfJointVenturesThemselves,,
DisclosureOfInterestsInSignificantJointVenturesExplanatoryTextBlock,,
DisclosureOfInterestsInSignificantJointVenturesAbstract,,
DisclosureOfInterestsInSignificantJointVenturesTable,Table should be mandatory in case 'Yes' selected in field 'WhetherCompanyHasInvestedInJointVentures',
InterestsInSignificantJointVenturesAxis,,
DisclosureOfInterestsInSignificantJointVenturesLineItems,,
FormOfJointVenture,,
DescriptionOfInterestInSignificantJointVenture,,
ProportionOfOwnershipInterestInJointlyControlledEntity,Should be greater than or equal to zero. Should be less than or equal to 100%,
NumberOfSharesHeldOfJointVenture,Should be greater than or eqaul to zero,
AmountOfInvestmentInJointVenture,Should be greater than or eqaul to zero,
NameOfJointlyControlledEntity,"Name should be based on CIN, if entered",
CountryOfIncorporationOrResidenceOfJointlyControlledEntity,Should be valid country name as per List of countries,
CINOfJointVenturer,Valid CIN. Should be different from CIN of filing company (CorporateIdentityNumber). CIN entered in repetitive dimension member should be unique.,
PANOfJointVenturer,Either PANOfjointventure' or 'CINOfjointventure' is mandatory if country is India.  PAN entered in repetitive dimension members should be unique. Should be different from PAN of the filing company. Should be valid PAN as per Income_tax_PAN  format.,
CINOfJointVenturerWhoseReportingDateIsDifferent,Valid CIN. Should be different from CIN of filing company (CorporateIdentityNumber). ,
PANOfJointVenturerWhoseReportingDateIsDifferent,Should be different from PAN of the filing company. Should be valid PAN as per Income_tax_PAN  format.,
LatestAuditedBalanceSheetDate,,
WhetherJointVentureHasBeenConsideredInConsolidation,,
ReasonWhyJointVentureIsNotConsolidated,"This item is mandatory if ""WhetherJointVentureHasBeenConsideredInConsolidation"" is selected as 'NO'",
NetWorthAttributableToShareholdingAsPerLatestAuditedBalanceSheetJointVenture,,
ProfitLossForYearJointVenture,,
ProfitLossForYearJointVentureConsideredInConsolidation,,
ProfitLossForYearJointVentureNotConsideredInConsolidation,,
DetailsOfNonUniformAccountingPoliciesByJointVenturersAbstract,,
DetailsOfNotFollowingUniformAccountingPoliciesByJointVenturesExplanatoryTextBlock,,
DetailsOfProportionsOfItemsForWhichDifferentAccountingPoliciesFollowedByJointVentureExplanatoryTextBlock,,
WhetherCompanyHasJointVenturesWhichAreYetToCommenceOperations,This item is mandatory,
DetailsOfJointVenturesWhichAreYetToCommenceOperationsAbstract,,
DetailsOfJointVenturesWhichAreYetToCommenceOperationsTable,,
JointVenturesWhichAreYetToCommenceOperationsAxis,,
DetailsOfJointVenturesWhichAreYetToCommenceOperationsLineItems,,
NameOfJointVentureWhichIsYetToCommenceOperations,"Name should be based on 'CINOfJointVentureWhichIsYetToCommenceOperations', if provided",
CountryOfIncorporationOrResidenceOfJointVentureWhichIsYetToCommenceOperations,Should be a valid country as per the list of countries.,
CINOfJointVentureWhichIsYetToCommenceOperations,"Should be a valid CIN, if provided. Should be different from CIN of filing company.",
PANOfJointVentureWhichIsYetToCommenceOperations,Should be a valid PAN as per the income tax format.,
IdentificationNumberOfForeignJointVentureWhichIsYetToCommenceOperationsInCountryOfIncorporationOrResidence,,
NatureOfIssuingAuthorityInCountryOfIncorporationOrResidenceJointVentureWhichIsYetToCommenceOperations,,
WhetherCompanyHasJointVenturesLiquidatedOrSoldDuringYear,This item is mandatory,
DetailsOfJointVenturesLiquidatedOrSoldDuringYearAbstract,,
DetailsOfJointVenturesLiquidatedOrSoldDuringYearTable,,
JointVenturesLiquidatedOrSoldDuringYearAxis,,
DetailsOfJointVenturesLiquidatedOrSoldDuringYearLineItems,,
NameOfJointVentureLiquidatedOrSoldDuringYear,"Name should be based on 'CINOfJointVentureLiquidatedOrSoldDuringYear', if provided",
CountryOfIncorporationOrResidenceOfJointVentureLiquidatedOrSoldDuringYear,Should be a valid country as per the list of countries.,
CINOfJointVentureLiquidatedOrSoldDuringYear,"Should be a valid CIN, If provided. Should be different from CIN of filing company.",
PANOfJointVentureLiquidatedOrSoldDuringYear,Should be a valid PAN as per the income tax format.,
IdentificationNumberOfForeignJointVentureLiquidatedOrSoldDuringYearInCountryOfIncorporationOrResidence,,
NatureOfIssuingAuthorityInCountryOfIncorporationOrResidenceForeignJointVentureLiquidatedOrSoldDuringYear,,
[202600] Notes - Consolidated financial statements,,
name,,
DisclosureOfNotesOnConsolidatedFinancialStatementsExplanatoryTextBlock,,
WhetherConsolidatedFinancialStatementsIsApplicableOnCompany,This is a mandatory field. ,
DescriptionOfReasonForNotConsolidatingSubsidiary,This is a mandatory field.,
DescriptionOfFactThatUniformAccountingPoliciesAreNotAdoptedForConsolidatedFinancialStatements,This is a mandatory field.,
ProportionOfItemsInConsolidatedFinancialStatementsToWhichDifferentAccountingPoliciesHaveBeenApplied,This is a mandatory field.,
DisclosureOfDetailsOfSubsidiariesExplanatoryTextBlock,,
DisclosureOfDetailsOfSubsidiariesAbstract,,
DisclosureOfDetailsOfSubsidiariesTable,This table is mandatory.,
SubsidiariesAxis,,
DisclosureOfDetailsOfSubsidiariesLineItems,,
NameOfSubsidiaryConsolidated,,
CountryOfIncorporationOrResidenceOfSubsidiaryConsolidated,,
ProportionOfOwnershipInterestInSubsidiaryConsolidated,,
ProportionOfVotingPowerHeldInSubsidiaryConsolidated,,
DescriptionOfNatureOfRelationshipWithSubsidiaryWhereParentHasDirectlyOrIndirectlyLessThanHalfOfVotingPower,,
EffectOfAcquisitionOrDisposalOfSubsidiaryAbstract,,
EffectOnFinancialPositionOnAcquisitionOrDisposal,,
EffectOnResultsForReportingPeriodOnAcquisitionOrDisposal,,
EffectOnResultsForCorrespondingPreviousPeriodOnAcquisitionOrDisposal,,
EndOfReportingPeriodOfFinancialStatementsOfSubsidiaryWhenDifferentFromParent,,
DisclosureOfAdditionalInformationConsolidatedFinancialStatementsTextBlock,,
DisclosureOfAdditionalInformationConsolidatedFinancialStatementsAbstract,,
DisclosureOfDetailsOfEntitiesConsolidatedTable,Should be mandatory if 'WhetherConsolidatedFinancialStatementsIsApplicableOnCompany' is Yes,
EntitiesConsolidatedAxis,,
DisclosureOfAdditionalInformationConsolidatedFinancialStatementsLineItems,,
NameOfEntityConsolidated,,
TypeOfEntityConsolidated,,
AmountOfNetAssetsOfEntityConsolidated,,
NetAssetsOfEntityAsPercentageOfConsolidatedNetAssets,,
AmountOfShareInProfitOrLossOfEntityConsolidated,,
ShareInProfitOrLossOfEntityAsPercentageOfConsolidatedProfitOrLoss,,
[202700] Notes - Cash flow statements,,
name,,
DisclosureOfCashFlowStatementExplanatoryTextBlock,,
ConsiderationPaidReceived,,
PortionOfConsiderationPaidReceivedConsistingOfCashAndCashEquivalents,,
DescriptionOfAccountingPolicyToDetermineComponentsOfCashAndCashEquivalentsTextBlock,,
CashAndCashEquivalentsIfDifferentFromBalanceSheetAbstract,,
CashAndCashEquivalentsCashFlowStatement,,
BankOverdraftsClassifiedAsCashEquivalents,,
OtherDifferencesToCashAndCashEquivalentsInStatementOfCashFlows,,
CashAndCashEquivalents,,
DetailsOfNoncashInvestingAndFinancingTransactionsNotRequireUseOfCashOrCashEquivalentsAbstract,,
DetailsOfAcquisitionAssetsByDirectlyAssumingLiabilities,,
DetailsOfAcquisitionEnterprisesByMeansOfIssueOfShares,,
DetailsOfConversionOfDebtToEquity,,
DetailsOfAnyOtherNoncashInvestingAndFinancingActivities,,
DescriptionOfAcquisitionOfAssetsByAssumingDirectlyRelatedLiabilities,,
DescriptionOfAcquisitionOfEntityByMeansOfIssueOfShares,,
DescriptionOfConversionOfDebtToEquity,,
CashAndCashEquivalentsHeldByEntityUnavailableForUseByGroup,,
CommentaryByManagementOnSignificantCashAndCashEquivalentBalancesHeldByEntityThatAreNotAvailableForUseByGroup,,
DisclosureOfAdditionalInformationAboutUnderstandingFinancialPositionsAndLiquidityOfEntityExplanatoryTextBlock,,
UndrawnBorrowingFacilities,,
CashFlowsFromUsedInIncreasesInOperatingCapacity,,
CashFlowsFromUsedInMaintainingOperatingCapacity,,
IncomeTaxesPaidRefundAbstract,,
IncomeTaxesPaidRefundClassifiedAsOperatingActivities,,
IncomeTaxesPaidRefundClassifiedAsInvestingActivities,,
IncomeTaxesPaidRefundClassifiedAsFinancingActivities,,
IncomeTaxesPaidRefund,,
[202800] Notes - Subsidiary information,,
name,,
DisclosureOfSubsidiaryInformationExplanatoryTextBlock,,
WhetherCompanyHasSubsidiaryCompanies,This is a mandatory field. Details of atleast one subsidiary shall be mandatory if yes is selected in field 'WhetherCompanyHasSubsidiaryCompanies'. Subsidiary details can be entered only if yes is selected in this field.,
NumberOfSubsidiaryCompanies,"This field becomes mandatory only if Yes is selected in ""WhetherCompanyHasSubsidiaryCompanies"". This should be greater than zero.",
DetailsOfSubsidiariesAbstract,,
DetailsOfSubsidiariesTable,,
SubsidiariesAxis,,
DetailsOfSubsidiariesLineItems,,
NameOfSubsidiary,Name should be based on 'CINOfSubsidiaryCompany' if entered.,
CountryOfIncorporationOrResidenceOfSubsidiary,,
CINOfSubsidiaryCompany,Valid CIN. Should be different from CIN of filing company. CIN entered in repetitive dimension member should be unique.,
PANOfSubsidiaryCompany,Either 'PANOfSubsidiaryCompany' or 'CINOfSubsidiaryCompany' is mandatory if country is India.  PAN entered in repetitive dimension member  should be unique. Should be different from PAN of the filing company. Should be valid PAN as per Income_tax_PAN  format.,
IdentificationNumberOfForeignSubsidiaryInCountryOfIncorporationOrResidence,,
NatureOfIssuingAuthorityInCountryOfIncorporationOrResidenceSubsidiaryCompany,,
SectionUnderWhichCompanyBecameSubsidiary,,
WhetherSubsidiaryHasFiledBalanceSheet,Mandatory Line item,
SRNOfFilingOfBalanceSheetBySubsidiary,"Valid SRN of Form 23 AC/ACA, 23AC/ACA XBRL,AOC-4 or AOC-4 XBRL. Should belong to CIN of subsidiary company.
Mandatory if 'CINOfSubsidiaryCompany' is entered and yes is selected in field 'WhetherSubsidiaryHasFiledBalanceSheet'",
ReasonIfNoFilingHasBeenMadeBySubsidiary,Mandatory if 'CINOfSubsidiaryCompany' is entered and No is selected in field 'WhetherSubsidiaryHasFiledBalanceSheet',
WhetherFinancialYearOfSubsidiaryDifferentFromFinancialYearOfHoldingCompany,,
FinancialYearOfSubsidiaryAbstract,,
StartDateOfAccountingPeriodOfSubsidiary,Should be less than or equal to system date. This can be less than the date of incorporation of the filing company,
EndDateOfAccountingPeriodOfSubsidiary,Should be less than or equal to system date. Should be greater than or equal to StartDateOfAccountingPeriodOfSubsidiary. This can be less than the date of incorporation of the filing company,
PercentageOfShareholdingInSubsidiary,Should be greater than or equal to zero. Should not be greater than 100%.Mandatory if 'PaidUpValueOfSharesHeldOfSubsidiary' is entered.,
KeyInformationAboutSubsidiaryAbstract,,
ReportingCurrencyOfSubsidiary,Should be valid currency code as per the list of currency codes.,
ExchangeRateAsApplicableForSubsidiary,,
ShareCapitalOfSubsidiary,,
ReservesAndSurplusOfSubsidiary,,
TotalAssetsOfSubsidiary,,
TotalLiabilitiesOfSubsidiary,,
InvestmentOfSubsidiary,,
TurnoverOfSubsidiary,Should be greater than or equal to zero,
ProfitBeforeTaxOfSubsidiary,,
ProvisionForTaxOfSubsidiary,,
ProfitAfterTaxOfSubsidiary,,
ProposedDividendOfSubsidiary,,
DetailsIfExemptionIsGrantedForStatementUnderSection129,,
WhetherCompanyHasSubsidiaryCompaniesWhichAreYetToCommenceOperations,This is a mandatory item,
DetailsOfSubsidiariesWhichAreYetToCommenceOperationsAbstract,,
DetailsOfSubsidiariesWhichAreYetToCommenceOperationsTable,,
SubsidiariesWhichAreYetToCommenceOperationsAxis,,
DetailsOfSubsidiariesWhichAreYetToCommenceOperationsLineItems,,
NameOfSubsidiaryWhichIsYetToCommenceOperations,"Name should be based on 'CINOfSubsidiaryCompanyWhichIsYetToCommenceOperations', if provided",
CountryOfIncorporationOrResidenceOfSubsidiaryWhichIsYetToCommenceOperations,Should be a valid country as per the list of countries.,
CINOfSubsidiaryCompanyWhichIsYetToCommenceOperations,"Should be a valid CIN, if provided. Should be different from CIN of filing company.",
PANOfSubsidiaryCompanyWhichIsYetToCommenceOperations,Should be a valid PAN as per the income tax format.,
IdentificationNumberOfForeignSubsidiaryWhichIsYetToCommenceOperationsInCountryOfIncorporationOrResidence,,
NatureOfIssuingAuthorityInCountryOfIncorporationOrResidenceForeignSubsidiaryWhichIsYetToCommenceOperations,,
WhetherCompanyHasSubsidiaryCompaniesLiquidatedOrSoldDuringYear,This is a mandatory item,
DetailsOfSubsidiariesLiquidatedOrSoldDuringYearAbstract,,
DetailsOfSubsidiariesLiquidatedOrSoldDuringYearTable,,
SubsidiariesLiquidatedOrSoldDuringYearAxis,,
DetailsOfSubsidiariesLiquidatedOrSoldDuringYearLineItems,,
NameOfSubsidiaryLiquidatedOrSoldDuringYear,Name should be based on 'CINOfSubsidiaryCompanyLiquidatedOrSoldDuringYear' ,
CountryOfIncorporationOrResidenceOfSubsidiaryLiquidatedOrSoldDuringYear,Should be a valid country as per the list of countries.,
CINOfSubsidiaryCompanyLiquidatedOrSoldDuringYear,"Should be a valid CIN, if provided. Should be different from CIN of filing company.",
PANOfSubsidiaryCompanyLiquidatedOrSoldDuringYear,Should be a valid PAN as per the income tax format.,
IdentificationNumberOfForeignSubsidiaryLiquidatedOrSoldDuringYearInCountryOfIncorporationOrResidence,,
NatureOfIssuingAuthorityInCountryOfIncorporationOrResidenceForeignSubsidiaryLiquidatedOrSoldDuringYear,,
[300100] Notes - Revenue,,
name,,
DisclosureOfRevenueExplanatoryTextBlock,This is mandatory field in case of current financial year,
DescriptionOfAccountingPolicyForRecognitionOfRevenue,,
DescriptionOfCircumstancesInWhichRevenueRecognitionHasBeenPostponedPendingResolutionOfSignificantUncertainties,,
ShareRevenueFromOperationsJointVentures,,
[300200] Notes - Construction contracts,,
name,,
DisclosureOfRecognisedRevenueFromConstructionContractsExplanatoryTextBlock,,
RevenueFromConstructionContracts,,
MethodsUsedToDetermineConstructionContractRevenueRecognised,,
MethodsUsedToDetermineStageOfCompletionOfConstructionInProgress,,
DisclosuresInRespectOfContractsInProgressAbstract,,
CostsIncurredAndRecognisedProfitsLessRecognisedLosses,,
AdvancesReceivedForContractsInProgress,,
RetentionForContractsInProgress,,
DescriptionOfWarrantyCostsPenaltiesOrPossibleLossesOfConstructionContractsContingentLiability,,
[300300] Notes - Earnings per share,,
name,,
DisclosureOfEarningsPerShareExplanatoryTextBlock,,
WeightedAverageSharesAndAdjustedWeightedAverageSharesAbstract,,
BasicWeightedAverageShares,Should be greater than or equal to zero,
AdjustedWeightedAverageShares,Should be greater than or equal to zero,
DilutedWeightedAverageShares,Should be greater than or equal to zero,
AdjustmentsOfNumeratorToCalculateBasicEarningsPerShareAbstract,,
NumeratorToCalculateBasicEarningsPerShare,,
AdjustmentsToReconcileNumeratorToCalculateBasicEarningPerShareToNetProfitOrLossAsPerStatementOfProfitOrLoss,,
ProfitLossForPeriod,This is a mandatory field.,
AdjustmentsOfNumeratorToCalculateDilutedEarningsPerShareAbstract,,
NumeratorToCalculateDilutedEarningsPerShare,,
AdjustmentsToReconcileNumeratorToCalculateDilutedEarningPerShareToNetProfitOrLossAsPerStatementOfProfitOrLoss,,
ProfitLossForPeriod,This is a mandatory field.,
DescriptionOfTransactionsAfterReportingPeriodWithSignificantChangeInNumberOfEquitySharesOutstanding,,
DescriptionOfTransactionsAfterReportingPeriodWithSignificantChangeInNumberOfPotentialEquitySharesOutstanding,,
AdditionalDisclosureOfEquityShareTransactionsAfterBalanceSheetDateAbstract,,
DescriptionOfIssueOfSharesForCash,,
DescriptionOfIssueOfSharesWhenProceedsAreUsedToRepayDebt,,
DescriptionOfIssueOfSharesWhenProceedsAreUsedToRepayPreferenceSharesOutstandingAtBalanceSheetDate,,
DescriptionOfCancellationOfEquitySharesOutstandingAtBalanceSheetDate,,
DescriptionOfConversionOrExerciseOfPotentialEquitySharesOutstandingAtBalanceSheetDateIntoEquityShares,,
DescriptionOfIssueOfWarrantsOptionsOrConvertibleSecurities,,
DescriptionOfSatisfactionOfConditionsThatWouldResultInIssueOfContingentlyIssuableShares,,
[300400] Notes - Employee share-based payments,,
name,,
DisclosureOfNotesOnEmployeeSharebasedPaymentArrangementsExplanatoryTextBlock,,
DisclosureOfTermsAndConditionsOfEmployeeSharebasedPaymentArrangementExplanatoryTextBlock,,
DisclosureOfTermsAndConditionsOfEmployeeSharebasedPaymentArrangementAbstract,,
DisclosureOfTermsAndConditionsOfEmployeeSharebasedPaymentArrangementTable,,
TypesOfEmployeeSharebasedPaymentArrangementsAxis,,
DisclosureOfTermsAndConditionsOfEmployeeSharebasedPaymentArrangementLineItems,,
DescriptionOfMethodUsedToAccountForEmployeeSharebasedPaymentArrangement,,
DescriptionOfEmployeeSharebasedPaymentArrangement,,
DescriptionOfVestingRequirementsForEmployeeSharebasedPaymentArrangement,,
DescriptionOfMaximumTermOfOptionsGrantedForEmployeeSharebasedPaymentArrangement,,
DescriptionOfMethodOfSettlementForEmployeeSharebasedPaymentArrangement,,
DisclosureOfImpactOnNetResultsAndEarningsPerShareIfIntrinsicValueMethodIsUsedAbstract,,
ImpactOfUsingIntrinsicValueMethodOnNetProfitOrLossHadFairValueMethodBeenUsed,,
ImpactOfUsingIntrinsicValueMethodOnBasicEarningsPerEquityShareHadFairValueMethodBeenUsed,,
ImpactOfUsingIntrinsicValueMethodOnDilutedEarningsPerEquityShareHadFairValueMethodBeenUsed,,
DisclosureOfNumberAndWeightedAverageExercisePricesOfStockOptionsExplanatoryTextBlock,,
DisclosureOfNumberAndWeightedAverageExercisePricesOfStockOptionsAbstract,,
DisclosureOfNumberAndWeightedAverageExercisePricesOfStockOptionsTable,,
GroupsOfStockOptionsAxis,,
StockOptionsMember,,
StockOptionsOutstandingMember,,
StockOptionsGrantedMember,,
StockOptionsForfeitedMember,,
StockOptionsExercisedMember,,
StockOptionsExpiredMember,,
StockOptionsExercisableMember,,
DisclosureOfNumberAndWeightedAverageExercisePricesOfStockOptionsLineItems,,
NumberOfStockOptionsInEmployeeSharebasedPaymentArrangement,Should be greater than or equal to zero,
WeightedAverageExercisePriceOfStockOptionsInEmployeeSharebasedPaymentArrangement,,
WeightedAverageSharePriceOfShareOptionsInEmployeeSharebasedPaymentArrangementExercisedDuringPeriodAtDateOfExercise,,
DisclosureOfNumberAndWeightedAverageRemainingContractualLifeOfOutstandingStockOptionsExplanatoryTextBlock,,
DisclosureOfNumberAndWeightedAverageRemainingContractualLifeOfOutstandingStockOptionsAbstract,,
DisclosureOfNumberAndWeightedAverageRemainingContractualLifeOfOutstandingStockOptionsTable,,
RangesOfExercisePricesForOutstandingStockOptionsAxis,,
DisclosureOfNumberAndWeightedAverageRemainingContractualLifeOfOutstandingStockOptionsLineItems,,
NumberOfOutstandingStockOptions,Should be greater than or equal to zero,
WeightedAverageRemainingContractualLifeOfOutstandingStockOptions,Should be greater than or equal to zero,
DisclosureOfFairValueOfEmployeeStockOptionsGrantedDuringPeriodExplanatoryTextBlock,,
WeightedAverageFairValueAtGrantDateStockOptionsGranted,,
InformationAboutHowFairValueWasMeasuredStockOptionsGranted,,
DescriptionOfOptionPricingModelStockOptionsGranted,,
DescriptionOfInputsToOptionPricingModelStockOptionsGranted,,
WeightedAverageSharePriceStockOptionsGranted,,
ExercisePriceStockOptionsGranted,,
DescriptionOfExpectedVolatilityStockOptionsGranted,,
DescriptionOfOptionLifeStockOptionsGranted,,
ExpectedDividendStockOptionsGranted,,
DescriptionOfRiskFreeInterestRateStockOptionsGranted,,
DescriptionOfOtherInputsToOptionsPricingModelStockOptionsGranted,,
DescriptionOfMethodUsedAndAssumptionsMadeToIncorporateEffectsOfExpectedEarlyExerciseStockOptionsGranted,,
InformationAboutHowExpectedVolatilityWasDeterminedStockOptionsGranted,,
InformationWhetherAndHowOtherFeaturesWereIncorporatedIntoMeasurementOfFairValueStockOptionsGranted,,
DisclosureOfMeasurementOfFairValueOfOtherInstrumentsGrantedDuringPeriodExplanatoryTextBlock,,
NumberOfInstrumentsOtherInstrumentsGranted,Should be greater than or equal to zero,
WeightedAverageFairValueAtGrantDateOtherInstrumentsGranted,,
InformationHowFairValueWasMeasuredOtherInstrumentsGranted,,
InformationAboutHowFairValueWasDeterminedIfNotOnBasisOfObservableMarketOtherInstrumentsGranted,,
InformationWhetherAndHowExpectedDividendsWereIncorporatedIntoMeasurementOfFairValueOtherInstrumentsGranted,,
InformationWhetherAndHowOtherFeaturesWereIncorporatedIntoMeasurementOfFairValueOtherInstrumentsGranted,,
DisclosureOfEmployeeSharebasedPaymentArrangementsModifiedDuringPeriodExplanatoryTextBlock,,
ExplanationOfModificationsModifiedEmployeeSharebasedPaymentArrangements,,
IncrementalFairValueGrantedModifiedEmployeeSharebasedPaymentArrangements,,
InformationOnHowIncrementalFairValueGrantedWasMeasuredModifiedEmployeeSharebasedPaymentArrangements,,
ExplanationOfEffectOfEmployeeSharebasedPaymentsOnProfitOrLoss,,
ExpenseFromEmployeeSharebasedPaymentTransactionsInWhichServicesReceivedDidNotQualifyForRecognitionAsAssets,,
ExpenseFromEquitySettledEmployeeSharebasedPaymentTransactionsInWhichServicesReceivedDidNotQualifyForRecognitionAsAssets,,
ExplanationOfEffectOfEmployeeSharebasedPaymentsOnFinancialPositions,,
CarryingAmountOfLiabilitiesFromEmployeeSharebasedPaymentTransactions,,
IntrinsicValueOfLiabilitiesFromEmployeeSharebasedPaymentTransactionsForWhichEmployeeRightToCashOrOtherAssetsVestedByPeriodEnd,,
[300500] Notes - Subclassification and notes on income and expenses,,
name,,
SubclassificationAndNotesOnIncomeAndExpenseExplanatoryTextBlock,,
DisclosureOfRevenueFromSaleOfProductsAbstract,,
DisclosureOfRevenueFromSaleOfProductsExplanatoryTextBlock,,
RevenueFromSaleOfProductsAbstract,,
RevenueFromSaleOfProductsGross,,
BrokerageDiscountsRebatesOnRevenueFromSaleOfProducts,,
ReturnsOnRevenueFromSaleOfProducts,,
OtherAllowancesDeductionsOnRevenueFromSaleOfProducts,,
RevenueFromSaleOfProducts,,
DisclosureOfRevenueFromSaleOfServicesAbstract,,
DisclosureOfRevenueFromSaleOfServicesExplanatoryTextBlock,,
RevenueFromSaleOfServicesAbstract,,
RevenueFromSaleOfServicesGross,,
BrokerageDiscountsRebatesOnRevenueFromSaleOfServices,,
ReturnsOnRevenueFromSaleOfServices,,
OtherAllowancesDeductionsOnRevenueFromSaleOfServices,,
RevenueFromSaleOfServices,,
DisclosureOfOtherOperatingRevenuesAbstract,,
DisclosureOfNotesOnOtherOperatingRevenuesExplanatoryTextBlock,,
OtherOperatingRevenuesAbstract,,
NetGainLossOnForeignCurrencyFluctuationsTreatedAsOtherOperatingRevenue,,
MiscellaneousOtherOperatingRevenues,,
OtherOperatingRevenues,,
DisclosureOfOtherIncomeAbstract,,
DisclosureOfNotesOnOtherIncomeExplanatoryTextBlock,,
InterestIncomeAbstract,,
InterestIncomeOnCurrentInvestmentsAbstract,,
InterestOnFixedDepositsCurrentInvestments,,
InterestFromCustomersOnAmountsOverdueCurrentInvestments,,
InterestOnCurrentIntercorporateDeposits,,
InterestOnCurrentDebtSecurities,,
InterestOnCurrentGovernmentSecurities,,
InterestOnOtherCurrentInvestments,,
InterestIncomeOnCurrentInvestments,,
InterestIncomeOnLongTermInvestmentsAbstract,,
InterestOnFixedDepositsLongTermInvestments,,
InterestFromCustomersOnAmountsOverdueLongTermInvestments,,
InterestOnLongTermIntercorporateDeposits,,
InterestOnLongTermDebtSecurities,,
InterestOnLongTermGovernmentSecurities,,
InterestOnOtherLongTermInvestments,,
InterestIncomeOnLongTermInvestments,,
InterestIncome,This is a mandatory field. ,
DividendIncomeAbstract,,
DividendIncomeCurrentInvestmentsAbstract,,
DividendIncomeCurrentInvestmentsFromSubsidiaries,,
DividendIncomeCurrentEquitySecurities,,
DividendIncomeCurrentMutualFunds,,
DividendIncomeCurrentInvestmentsFromOthers,,
DividendIncomeCurrentInvestments,,
DividendIncomeLongTermInvestmentsAbstract,,
DividendIncomeLongTermInvestmentsFromSubsidiaries,,
DividendIncomeLongTermEquitySecurities,,
DividendIncomeLongTermMutualFunds,,
DividendIncomeLongTermInvestmentsFromOthers,,
DividendIncomeLongTermInvestments,,
DividendIncome,This is a mandatory field. ,
NetGainLossOnSaleOfInvestmentsAbstract,,
NetGainLossOnSaleOfCurrentInvestments,,
NetGainLossOnSaleOfLongTermInvestments,,
NetGainLossOnSaleOfInvestments,,
RentalIncomeOnInvestmentPropertyAbstract,,
RentalIncomeOnInvestmentPropertyCurrent,,
RentalIncomeOnInvestmentPropertyLongTerm,,
RentalIncomeOnInvestmentProperty,,
OtherNonoperatingIncomeAbstract,,
NetGainLossOnForeignCurrencyFluctuationsTreatedAsOtherIncome,,
SurplusOnDisposalDiscardDemolishmentAndDestructionOfDepreciableTangibleAsset,,
GainOnDisposalOfIntangibleAsset,,
AmountCreditedToProfitAndLossAsTransferFromRevaluationReserveOnAccountOfAdditionalDepreciationChargedOnRevaluedTangibleAssets,,
ExcessProvisionDiminutionInValueInvestmentWrittenBack,,
ExcessProvisionsBadDoubtfulDebtsAdvancesWrittenBack,,
IncomeGovernmentGrantsSubsidies,,
IncomeExportIncentives,,
IncomeImportEntitlements,,
IncomeInsuranceClaims,,
IncomeFromSubsidiaries,,
InterestOnIncomeTaxRefund,,
IncomeOnBrokerageCommission,,
IncomeOnSalesTaxBenefit,,
ExcessProvisionsWrittenBack,,
OtherAllowancesDeductionOtherIncome,,
MiscellaneousOtherNonoperatingIncome,,
OtherNonoperatingIncome,,
IncomeFromPipelineTransportation,,
OtherIncome,This is a mandatory field.,
ShareOtherIncomeJointVentures,,
DisclosureOfDetailsOfAmountCreditedToProfitAndLossAsTransferFromRevaluationReserveOnAccountOfAdditionalDepreciationChargedOnRevaluedTangibleAssets,,
DisclosureOfFinanceCostAbstract,,
DisclosureOfNotesOnFinanceCostExplanatoryTextBlock,,
InterestExpenseAbstract,,
InterestExpenseLongTermLoansAbstract,,
InterestExpenseLongTermLoansBanks,,
InterestExpenseLongTermLoansOthers,,
InterestExpenseLongTermLoans,,
InterestExpenseShortTermLoansAbstract,,
InterestExpenseShortTermLoansBanks,,
InterestExpenseShortTermLoansOthers,,
InterestExpenseShortTermLoans,,
InterestExpenseDeposits,,
InterestExpenseDebtSecurities,,
InterestExpenseOtherBorrowings,,
InterestExpenseBorrowings,,
InterestLeaseFinancing,,
OtherInterestCharges,,
InterestExpense,This is a mandatory field. ,
OtherBorrowingCosts,,
NetGainLossOnForeignCurrencyTransactionsAndTranslationsTreatedAsFinanceCosts,,
FinanceCosts,This is a mandatory field. ,
ShareFinanceCostsJointVentures,,
EmployeeBenefitExpenseAbstract,,
SalariesAndWages,This is a mandatory field,
ManagerialRemunerationAbstract,,
RemunerationToDirectorsAbstract,,
SalaryToDirectors,,
CommissionToDirectors,,
OtherBenefitsToDirectors,,
RemunerationToDirectors,This is a mandatory field.,
RemunerationToManagerAbstract,,
SalaryToManager,,
CommissionToManager,,
OtherBenefitsToManager,,
RemunerationToManager,,
ManagerialRemuneration,This is a mandatory field.,
ContributionToProvidentAndOtherFundsAbstract,,
ContributionToProvidentAndOtherFundsForContractLabour,,
ContributionToProvidentAndOtherFundsForOthers,,
ContributionToProvidentAndOtherFunds,,
ExpenseOnEmployeeStockOptionSchemeAndEmployeeStockPurchasePlan,,
CommissionEmployees,,
EmployeeMedicalInsuranceExpenses,,
LeaveEncashmentExpenses,,
Gratuity,,
PensionSchemes,,
VoluntaryRetirementCompensation,,
OtherRetirementBenefits,,
StaffWelfareExpense,,
OtherEmployeeRelatedExpenses,,
EmployeeBenefitExpense,This is a mandatory field. ,
ShareEmployeeBenefitExpenseJointVentures,,
BreakupOfOtherExpensesAbstract,,
ConsumptionOfStoresAndSpareParts,This is a mandatory field.,
PowerAndFuel,This is a mandatory field.,
Rent,This is a mandatory field.,
RepairsToBuilding,This is a mandatory field.,
RepairsToMachinery,This is a mandatory field.,
Insurance,This is a mandatory field.,
RatesAndTaxesExcludingTaxesOnIncomeAbstract,,
CentralExciseDuty,,
PurchaseTax,,
OtherCessTaxes,,
CostTaxesOtherLeviesByGovernmentLocalAuthorities,,
ProvisionWealthTax,,
RatesAndTaxesExcludingTaxesOnIncome,This is a mandatory field.,
ResearchDevelopmentExpenditure,,
SubscriptionsMembershipFees,,
ElectricityExpenses,,
TelephonePostage,,
PrintingStationery,,
InformationTechnologyExpenses,,
TravellingConveyance,,
CateringCanteenExpenses,,
EntertainmentExpenses,,
LegalProfessionalCharges,,
TrainingRecruitmentExpenses,,
VehicleRunningExpenses,,
SafetySecurityExpenses,,
DirectorsSittingFees,This is a mandatory field.,
CommissionToDirectorsOtherThanWholeTimeDirectorOrManagingDirectorOrManager,,
DonationsSubscriptions,,
BooksPeriodicals,,
SeminarsConferenceExpenses,,
RegistrationFilingFees,,
CustodialFees,,
BankCharges,,
GuestHouseExpenses,,
AdvertisingPromotionalExpenses,,
AfterSalesServiceExpenses,,
WarrantyClaimExpenses,,
CommissionPaidSoleSellingAgents,,
CommissionPaidOtherSellingAgents,,
CommissionPaidSoleBuyingAgents,,
TransportationDistributionExpenses,,
SecondaryPackingExpenses,,
DiscountingCharges,,
GuaranteeCommission,,
CostRepairsMaintenanceOtherAssets,,
CostTransportationAbstract,,
CostFreight,,
CostOctroi,,
CostLoadingAndUnloading,,
CostOtherTransporting,,
CostTransportation,,
CostLeaseRentals,,
CostEffluentDisposal,,
ProvisionForCostOfRestoration,,
CostWarehousing,,
CostWaterCharges,,
CostTechnicalServices,,
CostRoyalty,,
ProvisionBadDoubtfulDebtsCreated,This is a mandatory field,
ProvisionBadDoubtfulLoansAdvancesCreated,This is a mandatory field.,
AdjustmentsToCarryingAmountsOfInvestmentsAbstract,,
ProvisionDiminutionValueCurrentInvestmentsCreated,,
ProvisionDiminutionValueLongTermInvestmentsCreated,,
AdjustmentsToCarryingAmountsOfInvestments,,
NetProvisionsChargedAbstract,,
ProvisionWarrantyClaimsCreated,,
ProvisionStatutoryLiabilitiesCreated,,
ProvisionRestructuringCreated,,
OtherProvisionsCreated,,
NetProvisionsCharged,,
DiscountIssueSharesDebenturesWrittenOffAbstract,,
DiscountIssueSharesWrittenOff,,
DiscountIssueDebenturesWrittenOff,,
DiscountIssueSharesDebenturesWrittenOff,,
WriteOffAssetsAbstract,,
MiscellaneousExpenditureWrittenOffAbstract,,
FinancingChargesWrittenOff,,
VoluntaryRetirementCompensationWrittenOff,,
TechnicalKnowhowWrittenOff,,
OtherMiscellaneousExpenditureWrittenOff,,
MiscellaneousExpenditureWrittenOff,This is a mandatory field.,
FixedAssetsWrittenOff,,
InventoriesWrittenOff,,
InvestmentsWrittenOff,,
BadDebtsWrittenOff,This is a mandatory field.,
BadDebtsAdvancesWrittenOff,This is a mandatory field.,
OtherAssetsWrittenOff,,
WriteOffAssets,,
LiabilitiesWrittenOff,,
WriteOffAssetsLiabilities,,
LossOnDisposalOfIntangibleAsset,This is a mandatory field.,
LossOnDisposalDiscardDemolishmentAndDestructionOfDepreciableTangibleAsset,This is a mandatory field.,
ContractCostAbstract,,
SiteLabourSupervisionCostContracts,,
MaterialCostContract,,
DepreciationAssetsContracts,,
CostTransportationAssetsContracts,,
HireChargesAssetsContracts,,
CostDesignTechnicalAssistanceContracts,,
WarrantyCostContracts,,
OtherClaimsContracts,,
SaleMaterialScrapOtherAssetsContracts,,
OverheadCostsApportionedContractsAbstract,,
InsuranceCostApportionedContract,,
DesignTechnicalAssistanceApportionedContracts,,
OtherOverheadsApportionedContracts,,
OverheadCostsApportionedContracts,,
ContractCost,,
CostDryWells,,
OperatingAndMaintenanceCostOfEmissionAndOtherPollutionReductionEquipments,,
PaymentsToAuditorAbstract,,
PaymentForAuditServices,,
PaymentForTaxationMatters,,
PaymentForCompanyLawMatters,,
PaymentForOtherServices,,
PaymentForReimbursementOfExpenses,,
PaymentsToAuditor,This is a mandatory field. ,
PaymentsToCostAuditorAbstract,,
PaymentForCostAuditCharges,,
PaymentForCostComplianceReport,,
PaymentForOtherCostServices,,
PaymentToCostAuditorForReimbursementOfExpenses,,
PaymentsToCostAuditor,,
MiscellaneousExpenses,This is a mandatory field. ,
OtherExpenses,,
BreakupOfExpenditureOnProductionTransportationAndOtherExpenditurePertainingToExplorationAndProductionActivitiesAbstract,,
RoyaltyPertainingToExplorationAndProductionActivities,,
CessPertainingToExplorationAndProductionActivities,,
EducationCessPertainingToExplorationAndProductionActivities,,
NationalCalamityContingencyDutyPertainingToExplorationAndProductionActivities,,
ExtractionCostPertainingToExplorationAndProductionActivities,,
SalesTaxPertainingToExplorationAndProductionActivities,,
GeologicalAndGeophysicalExpenditurePertainingToExplorationAndProductionActivities,,
AdministrativeExpenditurePertainingToExplorationAndProductionActivities,,
ResearchAndDevelopmentExpenditurePertainingToExplorationAndProductionActivities,,
PipelineOperationAndMaintenanceExpenditurePertainingToExplorationAndProductionActivities,,
OtherExpenditurePertainingToExplorationAndProductionActivities,,
ExpenditureOnProductionTransportationAndOtherExpenditurePertainingToExplorationAndProductionActivities,,
CurrentTaxAbstract,,
CurrentTaxPertainingToPreviousYears,,
CurrentTaxPertainingToCurrentYear,,
MATCreditRecognisedDuringYear,,
CurrentTax,,
[300600] Notes - Additional information statement of profit and loss,,
name,,
AdditionalInformationOnProfitAndLossAccountExplanatoryTextBlock,,
AdditionalInformationOnProfitAndLossAccountAbstract,,
ShareOfCertainExpensesJointVenturesAbstract,,
ShareCostOfMaterialsConsumedJointVentures,,
SharePurchasesOfStockInTradeJointVentures,,
ShareDepreciationAndAmortisationExpenseJointVentures,,
ShareOtherExpensesJointVentures,,
ChangesInInventoriesOfFinishedGoodsWorkInProgressAndStockInTradeAbstract,,
ChangesInInventoriesOfFinishedGoods,,
ChangesInInventoriesOfWorkInProgress,,
ChangesInInventoriesOfStockInTrade,,
ChangesInOtherInventories,,
ChangesInInventoriesOfFinishedGoodsWorkInProgressAndStockInTrade,This is a mandatory field. ,
ShareChangesInInventoriesOfFinishedGoodsWorkInProgressAndStockInTradeJointVentures,,
DetailsOfIndividualItemsOfExceptionalAndExtraordinaryNatureAbstract,,
ExceptionalItemsAfterTaxAbstract,,
ExceptionalItemsBeforeTax,,
TaxEffectOfExceptionalItems,,
ExceptionalItems,,
ExtraordinaryItemsAfterTaxAbstract,,
AttachmentOfPropertyOfEnterprise,,
Earthquake,,
OtherItemsExtraordinary,,
ExtraordinaryItemsBeforeTax,,
TaxEffectOfExtraordinaryItems,,
ExtraordinaryItems,,
ExceptionalAndExtraordinaryItems,,
DetailsOfNatureOfExceptionalItems,,
DetailsOfNatureOfExtraordinaryItems,,
PriorPeriodItemsAbstract,,
PriorPeriodIncomeBeforeTax,,
PriorPeriodExpenseBeforeTax,,
PriorPeriodItemsBeforeTax,,
TaxEffectOnPriorPeriodItems,,
PriorPeriodItemsAfterTax,,
NatureOfPriorPeriodItems,,
AdditionalDetailsInCaseOfManufacturingCompaniesAbstract,,
DetailsOfRawMaterialsConsumedAbstract,,
DetailsOfRawMaterialsConsumedTable,,
CategoriesOfRawMaterialsConsumedAxis,,
RawMaterialsConsumedMember,,
RawMaterialsConsumed1Member,,
RawMaterialsConsumed2Member,,
RawMaterialsConsumed3Member,,
RawMaterialsConsumed4Member,,
RawMaterialsConsumed5Member,,
RawMaterialsConsumed6Member,,
RawMaterialsConsumed7Member,,
RawMaterialsConsumed8Member,,
RawMaterialsConsumed9Member,,
RawMaterialsConsumed10Member,,
RawMaterialsConsumed11Member,,
RawMaterialsConsumed12Member,,
RawMaterialsConsumed13Member,,
RawMaterialsConsumed14Member,,
RawMaterialsConsumed15Member,,
RawMaterialsConsumed16Member,,
RawMaterialsConsumed17Member,,
RawMaterialsConsumed18Member,,
RawMaterialsConsumed19Member,,
RawMaterialsConsumed20Member,,
DetailsOfRawMaterialsConsumedLineItems,,
DescriptionOfRawMaterialsCategory,,
RawMaterialsConsumed,,
DetailsOfGoodsPurchasedAbstract,,
DetailsOfGoodsPurchasedTable,,
CategoriesOfGoodsPurchasedAxis,,
GoodsPurchasedMember,,
GoodsPurchased1Member,,
GoodsPurchased2Member,,
GoodsPurchased3Member,,
GoodsPurchased4Member,,
GoodsPurchased5Member,,
GoodsPurchased6Member,,
GoodsPurchased7Member,,
GoodsPurchased8Member,,
GoodsPurchased9Member,,
GoodsPurchased10Member,,
GoodsPurchased11Member,,
GoodsPurchased12Member,,
GoodsPurchased13Member,,
GoodsPurchased14Member,,
GoodsPurchased15Member,,
GoodsPurchased16Member,,
GoodsPurchased17Member,,
GoodsPurchased18Member,,
GoodsPurchased19Member,,
GoodsPurchased20Member,,
DetailsOfGoodsPurchasedLineItems,,
DescriptionOfGoodsPurchased,,
GoodsPurchased,,
DetailsOfManufacturedAndTradedGoodsAbstract,,
DetailsOfManufacturedAndTradedGoodsTable,,
CategoriesOfManufacturedAndTradedGoodsAxis,,
ManufacturedAndTradedGoodsMember,,
ManufacturedGoodsMember,,
FinishedGoodsCategory1Member,,
FinishedGoodsCategory2Member,,
FinishedGoodsCategory3Member,,
FinishedGoodsCategory4Member,,
FinishedGoodsCategory5Member,,
FinishedGoodsCategory6Member,,
FinishedGoodsCategory7Member,,
FinishedGoodsCategory8Member,,
FinishedGoodsCategory9Member,,
FinishedGoodsCategory10Member,,
FinishedGoodsCategory11Member,,
FinishedGoodsCategory12Member,,
FinishedGoodsCategory13Member,,
FinishedGoodsCategory14Member,,
FinishedGoodsCategory15Member,,
FinishedGoodsCategory16Member,,
FinishedGoodsCategory17Member,,
FinishedGoodsCategory18Member,,
FinishedGoodsCategory19Member,,
FinishedGoodsCategory20Member,,
FinishedGoodsCategory21Member,,
FinishedGoodsCategory22Member,,
FinishedGoodsCategory23Member,,
FinishedGoodsCategory24Member,,
FinishedGoodsCategory25Member,,
FinishedGoodsCategory26Member,,
FinishedGoodsCategory27Member,,
FinishedGoodsCategory28Member,,
FinishedGoodsCategory29Member,,
FinishedGoodsCategory30Member,,
FinishedGoodsCategory31Member,,
FinishedGoodsCategory32Member,,
FinishedGoodsCategory33Member,,
FinishedGoodsCategory34Member,,
FinishedGoodsCategory35Member,,
FinishedGoodsCategory36Member,,
FinishedGoodsCategory37Member,,
FinishedGoodsCategory38Member,,
FinishedGoodsCategory39Member,,
FinishedGoodsCategory40Member,,
FinishedGoodsCategory41Member,,
FinishedGoodsCategory42Member,,
FinishedGoodsCategory43Member,,
FinishedGoodsCategory44Member,,
FinishedGoodsCategory45Member,,
FinishedGoodsCategory46Member,,
FinishedGoodsCategory47Member,,
FinishedGoodsCategory48Member,,
FinishedGoodsCategory49Member,,
FinishedGoodsCategory50Member,,
TradedGoodsMember,,
TradedGoodsCategory1Member,,
TradedGoodsCategory2Member,,
TradedGoodsCategory3Member,,
TradedGoodsCategory4Member,,
TradedGoodsCategory5Member,,
TradedGoodsCategory6Member,,
TradedGoodsCategory7Member,,
TradedGoodsCategory8Member,,
TradedGoodsCategory9Member,,
TradedGoodsCategory10Member,,
TradedGoodsCategory11Member,,
TradedGoodsCategory12Member,,
TradedGoodsCategory13Member,,
TradedGoodsCategory14Member,,
TradedGoodsCategory15Member,,
TradedGoodsCategory16Member,,
TradedGoodsCategory17Member,,
TradedGoodsCategory18Member,,
TradedGoodsCategory19Member,,
TradedGoodsCategory20Member,,
TradedGoodsCategory21Member,,
TradedGoodsCategory22Member,,
TradedGoodsCategory23Member,,
TradedGoodsCategory24Member,,
TradedGoodsCategory25Member,,
TradedGoodsCategory26Member,,
TradedGoodsCategory27Member,,
TradedGoodsCategory28Member,,
TradedGoodsCategory29Member,,
TradedGoodsCategory30Member,,
TradedGoodsCategory31Member,,
TradedGoodsCategory32Member,,
TradedGoodsCategory33Member,,
TradedGoodsCategory34Member,,
TradedGoodsCategory35Member,,
TradedGoodsCategory36Member,,
TradedGoodsCategory37Member,,
TradedGoodsCategory38Member,,
TradedGoodsCategory39Member,,
TradedGoodsCategory40Member,,
TradedGoodsCategory41Member,,
TradedGoodsCategory42Member,,
TradedGoodsCategory43Member,,
TradedGoodsCategory44Member,,
TradedGoodsCategory45Member,,
TradedGoodsCategory46Member,,
TradedGoodsCategory47Member,,
TradedGoodsCategory48Member,,
TradedGoodsCategory49Member,,
TradedGoodsCategory50Member,,
DetailsOfManufacturedAndTradedGoodsLineItems,,
DescriptionOfFinishedGoods,,
AmountOfSales,,
AmountOfClosingInventory,,
AmountOfOpeningInventory,,
DetailsOfWorkInProgressAbstract,,
DetailsOfWorkInProgressTable,,
CategoriesOfWorkInProgressAxis,,
WorkInProgressMember,,
WorkInProgressCategory1Member,,
WorkInProgressCategory2Member,,
WorkInProgressCategory3Member,,
WorkInProgressCategory4Member,,
WorkInProgressCategory5Member,,
WorkInProgressCategory6Member,,
WorkInProgressCategory7Member,,
WorkInProgressCategory8Member,,
WorkInProgressCategory9Member,,
WorkInProgressCategory10Member,,
WorkInProgressCategory11Member,,
WorkInProgressCategory12Member,,
WorkInProgressCategory13Member,,
WorkInProgressCategory14Member,,
WorkInProgressCategory15Member,,
WorkInProgressCategory16Member,,
WorkInProgressCategory17Member,,
WorkInProgressCategory18Member,,
WorkInProgressCategory19Member,,
WorkInProgressCategory20Member,,
DetailsOfWorkInProgressLineItems,,
DescriptionOfWorkInProgress,,
WorkInProgress,,
AdditionalDetailsInCaseOfTradingCompaniesAbstract,,
DetailsOfPurchasesAndSalesOfTradingCompaniesTable,,
CategoriesOfTradedGoodsAxis,,
TradedGoodsMember,,
TradedGoodsCategory1Member,,
TradedGoodsCategory2Member,,
TradedGoodsCategory3Member,,
TradedGoodsCategory4Member,,
TradedGoodsCategory5Member,,
TradedGoodsCategory6Member,,
TradedGoodsCategory7Member,,
TradedGoodsCategory8Member,,
TradedGoodsCategory9Member,,
TradedGoodsCategory10Member,,
TradedGoodsCategory11Member,,
TradedGoodsCategory12Member,,
TradedGoodsCategory13Member,,
TradedGoodsCategory14Member,,
TradedGoodsCategory15Member,,
TradedGoodsCategory16Member,,
TradedGoodsCategory17Member,,
TradedGoodsCategory18Member,,
TradedGoodsCategory19Member,,
TradedGoodsCategory20Member,,
TradedGoodsCategory21Member,,
TradedGoodsCategory22Member,,
TradedGoodsCategory23Member,,
TradedGoodsCategory24Member,,
TradedGoodsCategory25Member,,
TradedGoodsCategory26Member,,
TradedGoodsCategory27Member,,
TradedGoodsCategory28Member,,
TradedGoodsCategory29Member,,
TradedGoodsCategory30Member,,
TradedGoodsCategory31Member,,
TradedGoodsCategory32Member,,
TradedGoodsCategory33Member,,
TradedGoodsCategory34Member,,
TradedGoodsCategory35Member,,
TradedGoodsCategory36Member,,
TradedGoodsCategory37Member,,
TradedGoodsCategory38Member,,
TradedGoodsCategory39Member,,
TradedGoodsCategory40Member,,
TradedGoodsCategory41Member,,
TradedGoodsCategory42Member,,
TradedGoodsCategory43Member,,
TradedGoodsCategory44Member,,
TradedGoodsCategory45Member,,
TradedGoodsCategory46Member,,
TradedGoodsCategory47Member,,
TradedGoodsCategory48Member,,
TradedGoodsCategory49Member,,
TradedGoodsCategory50Member,,
DetailsOfPurchasesAndSalesOfTradingCompaniesLineItems,,
DescriptionOfTradedGoods,,
AmountOfPurchasesOfTradedGoods,,
AmountOfSalesOfTradedGoods,,
AdditionalDetailsInCaseOfServiceCompaniesAbstract,,
RevenueFromSaleOfServicesGrossAbstract,,
RevenueCommunicationServices,,
RevenueRoadwayOperations,,
RevenueWaterwayOperations,,
RevenueAirwayOperations,,
RevenueLogisticsTransportServices,,
RevenueCourierServices,,
RevenueInfrastructureServices,,
RevenueSoftwareDevelopment,,
RevenueHardwareMaintenance,,
RevenueInformationTechnologyConsultancy,,
RevenueInformationTechnologyServices,,
RevenueHotels,,
RevenueHospitalsHealthcareClinics,,
RevenueEntertainment,,
RevenueRepairsMaintenance,,
RevenueEducationalActivities,,
RevenueMembershipSubscriptionsFees,,
RevenueAdmissionFees,,
RevenueErectioningCommissioning,,
RevenueAgencies,,
RevenueAdvertisingPublicity,,
RevenueValueAddedServices,,
RevenueRealEstatePropertyDevelopment,,
RevenueOtherServices,,
RevenueLeaseRentals,,
RevenueHireCharges,,
RevenueJobWork,,
RevenueContractsAbstract,,
RevenueDomesticContracts,,
RevenueForeignContracts,,
RevenueContracts,,
RevenueRoyalties,,
RevenueTechnicalKnowhow,,
RevenueFranchise,,
RevenueLicenses,,
RevenueIntangibleAssets,,
RevenueFromSaleOfServicesGross,,
DetailsOfAggregateAmountSetAsideToProvisionsMadeForMeetingSpecificLiabilitiesContingenciesOrCommitmentsAbstract,,
AggregateAmountSetAsideToProvisionsMadeForMeetingSpecificLiabilitiesContingenciesOrCommitments,,
AggregateAmountWithdrawnFromSuchProvisionsMadeForMeetingSpecificLiabilitiesContingenciesOrCommitmentsNoLongerRequired,,
DetailsOfIncomeOrExpenseRequiringSeparateDisclosureAbstract,,
WriteDownOfInventoriesToNetRealizableValue,,
ReversalOfWriteDownOfInventoriesToNetRealizableValue,,
CostOfRestructuringOfEnterprise,,
ReversalOfCostOfRestructuringOfEnterprise,,
ExpensesOnLegislativeChangesHavingRetrospectiveApplication,,
IncomeOnLegislativeChangesHavingRetrospectiveApplication,,
ExpenseOnLitigationSettlements,,
IncomeOnLitigationSettlements,,
OtherReversalsOfProvisions,,
DividendsFromSubsidiaryCompanies,,
ProvisionsForLossesOfSubsidiaryCompanies,,
ValueOfImportsCalculatedOnCIFBasisAbstract,,
ValueOfImportsOfRawMaterials,,
ValueOfImportsOfComponentsAndSpareParts,,
ValueOfImportsOfCapitalGoods,,
ValueOfImportsCalculatedOnCIFBasis,,
ExpenditureInForeignCurrencyAbstract,,
ExpenditureOnRoyalty,,
ExpenditureOnKnowhow,,
ExpenditureOnProfessionalAndConsultationFees,,
ExpenditureOnInterest,,
ExpenditureOnOtherMatters,,
ExpenditureOnDividendPaid,This is a mandatory field. Should be equal to or greater than zero,
ExpenditureInForeignCurrency,This is a mandatory field,
DetailsOfRawMaterialsSparePartsAndComponentsConsumedAbstract,,
DetailsOfRawMaterialsSparePartsAndComponentsConsumedTable,,
DetailsOfRawMaterialsSparePartsAndComponentsConsumedAxis,,
RawMaterialsSparePartsAndComponentsConsumedMember,,
RawMaterialsConsumedMember,,
RawMaterialsConsumed1Member,,
RawMaterialsConsumed2Member,,
RawMaterialsConsumed3Member,,
RawMaterialsConsumed4Member,,
RawMaterialsConsumed5Member,,
RawMaterialsConsumed6Member,,
RawMaterialsConsumed7Member,,
RawMaterialsConsumed8Member,,
RawMaterialsConsumed9Member,,
RawMaterialsConsumed10Member,,
RawMaterialsConsumed11Member,,
RawMaterialsConsumed12Member,,
RawMaterialsConsumed13Member,,
RawMaterialsConsumed14Member,,
RawMaterialsConsumed15Member,,
RawMaterialsConsumed16Member,,
RawMaterialsConsumed17Member,,
RawMaterialsConsumed18Member,,
RawMaterialsConsumed19Member,,
RawMaterialsConsumed20Member,,
SparePartsConsumedMember,,
ComponentsConsumedMember,,
SubclassificationOfRawMaterialsSparePartsAndComponentsConsumedAxis,,
ImportedAndIndigenousMember,,
ImportedMember,,
IndigenousMember,,
DetailsOfRawMaterialsSparePartsAndComponentsConsumedLineItems,,
ValueConsumed,,
PercentageOfConsumption,,
DetailsOfDividendRemittedInForeignCurrencyAbstract,,
AmountOfDividendRemittedInForeignCurrencyAbstract,,
FinalDividendRemittedInForeignCurrency,,
InterimDividendRemittedInForeignCurrency,,
SpecialDividendRemittedInForeignCurrency,,
AmountOfDividendRemittedInForeignCurrency,This is a mandatory field for stand alone instance document.,
TotalNumberOfNonResidentShareholders,mandatory if 'AmountOfDividendRemittedInForeignCurrency' is greater than zero. Should be greater than or equal to  zero.,
TotalNumberOfSharesHeldByNonResidentShareholdersOnWhichDividendsWereDue,mandatory if 'AmountOfDividendRemittedInForeignCurrency' is greater than zero. Should be greater than or equal to  zero.,
YearToWhichDividendsRelate,Mandatory if 'AmountOfDividendRemittedInForeignCurrency' is greater than zero. ,
DetailsOfEarningsInForeignCurrencyAbstract,,
EarningsOnExportOfGoodsCalculatedOnFOBBasisAbstract,,
FOBValueOfManufacturedGoodsExported,,
FOBValueOfTradedGoodsExported,,
EarningsOnExportOfGoodsCalculatedOnFOBBasis,,
EarningsOnRoyaltyKnowhowProfessionalAndConsultationFeesAbstract,,
EarningsOnRoyalty,,
EarningsOnKnowhow,,
EarningsOnProfessionalAndConsultationFees,,
EarningsOnRoyaltyKnowhowProfessionalAndConsultationFees,,
EarningsOnInterestAndDividendAbstract,,
EarningsOnInterest,,
EarningsOnDividend,,
EarningsOnInterestAndDividend,,
EarningsOnOtherIncome,,
EarningsInForeignCurrency,This is a mandatory field,
NatureOfEarningsOnOtherIncomeInForeignCurrency,,
DisclosureOfOtherDetailsOnEarningsAndExpenditureInForeignCurrencyAbstract,,
AmountOfRevenueReceivedInForeignCurrencyFromServices,,
InsuranceAndFreightOnExports,,
ProfitInForeignCurrencyOnSaleOfAssets,,
CommissionBrokerageAndDiscountChargesInForeignCurrency,,
ProfessionalChargesInForeignCurrency,,
BankAndFinanceChargesInForeignCurrency,,
LogisticChargeInForeignCurrency,,
ForeignTax,,
SalesMarketingAndAdvertisingExpensesInForeignCurrency,,
MeetingExpensesInForeignCurrency,,
ResearchAndDevelopmentExpensesInForeignCurrency,,
IntangibleAssetChargesInForeignCurrency,,
MembershipAndSubscriptionExpensesInForeignCurrency,,
InsuranceChargesInForeignCurrency,,
TelecommunicationExpensesInForeignCurrency,,
DetailsOfShareOfProfitsOrLossesInPartnershipFirmOrAssociationOfPersonsOrLimitedLiabilityPartnershipsAbstract,,
ProfitsOrLossesFromPartnershipFirmsOrAssociationOfPersonsOrLimitedLiabilityPartnerships,,
AccountingPeriodOfPartnershipFirmOrAssociationOfPersonsOrLimitedLiabilityPartnershipsInRespectOfWhichProfitOrLossesHaveBeenAccountedInCompanysBooksInCaseWhereYearEndingIsDifferentForPartnershipFirmOrAssociationOfPersonsOrLimitedLiabilityPartnershipsAndCompanyAbstract,,
StartDateOfAccountingPeriodOfPartnershipFirmOrAssociationOfPersonsOrLimitedLiabilityPartnershipsInRespectOfWhichProfitOrLossesHaveBeenAccountedInCompanysBooksInCaseWhereYearEndingIsDifferentForPartnershipFirmOrAssociationOfPersonsOrLimitedLiabilityPartnershipsAndCompany,Should be less than or equal to system date. This can be less than the date of incorporation of the filing company.,
EndDateOfAccountingPeriodOfPartnershipFirmOrAssociationOfPersonsOrLimitedLiabilityPartnershipsInRespectOfWhichProfitOrLossesHaveBeenAccountedInCompanysBooksInCaseWhereYearEndingIsDifferentForPartnershipFirmOrAssociationOfPersonsOrLimitedLiabilityPartnershipsAndCompany,Should be less than or equal to system date. Should be greater than or equal to 'StartDateOfAccountingPeriodOfPartnershipFirmOrAssociationOfPersonsOrLimitedLiabilityPartnershipsInRespectOfWhichProfitOrLossesHaveBeenAccountedInCompanysBooksInCaseWhereYearEndingIsDifferentForPartnershipFirmOrAssociationOfPersonsOrLimitedLiabilityPartnershipsAndCompany'. This can be less than the date of incorporation of the filing company.,
DisclosureOfInformationOnDeviationFromAccountingStandardsProfitAndLossAccountAbstract,,
DisclosureOfInformationOnDeviationFromAccountingStandardsProfitAndLossAccount,,
DisclosureOfReasonsForDeviationFromAccountingStandardsProfitAndLossAccount,,
FinancialEffectOfDeviationFromAccountingStandardsProfitAndLossAccount,,
DisclosureOfContributionsMadeToPoliticalPartyOrForPoliticalPurposeAbstract,,
AmountOfContributionsMadeToPoliticalPartyOrForPoliticalPurpose,,
NameOfPoliticalPartyOfPersonToWhomContributionHasBeenMade,,
DisclosureOfContributionsMadeToNationalDefenceFundAbstract,,
AmountOfContributionsMadeToNationalDefenceFund,,
DetailsOfCostIncurredForIssuingOptionsOrSharesUnderEmployeeStockOptionOrStockPurchaseSchemeAbstract,,
CostIncurredByHoldingCompanyForIssuingOptionsOrSharesUnderEmployeeStockOptionOrStockPurchaseScheme,,
CostReimbursedBySubsidiaryCompanyForIssuingOptionsOrSharesUnderEmployeeStockOptionOrStockPurchaseScheme,,
BreakupOfRevenueAsExportAndDomesticAbstract,,
RevenueFromSaleOfProductsAbstract,,
DomesticTurnoverGoodsGrossAbstract,,
DomesticSaleManufacturedGoods,,
DomesticSaleTradedGoods,,
DomesticTurnoverGoodsGross,,
ExportTurnoverGoodsGrossAbstract,,
ExportSaleManufacturedGoods,,
ExportSaleTradedGoods,,
ExportTurnoverGoodsGross,,
RevenueFromSaleOfProducts,This is a mandatory field.,
RevenueFromSaleOfServicesAbstract,,
DomesticRevenueServices,,
ExportRevenueServices,,
RevenueFromSaleOfServices,This is a mandatory field.,
DetailsOfCapitalExpenditureIncurredInForeignCurrencyAbstract,,
CapitalExpenditureInForeignCurrency,,
DisclosureOfComputationOfManagerialInformationAsPerCompaniesActAbstract,,
DisclosureOfComputationOfManagerialInformationAsPerCompaniesActExplanatoryTextBlock,,
DisclosureOfExpenditureOnCorporateSocialResponsibilityAbstract,,
ExpenditureOnCorporateSocialResponsibilityActivitiesAsPerGuidelines,,
GrossValueOfTransactionWithRelatedPartiesAsPerAS18,This is a mandatory field. Should be equal to or greater than zero,
BadDebtsOfRelatedPartiesAsPerAS18,This is a mandatory field. Should be equal to or greater than zero,
[300700] Notes - Key managerial personnels and directors remuneration and other information,,
name,,
DisclosureOfKeyManagerialPersonnelsAndDirectorsAndRemunerationToKeyManagerialPersonnelsAndDirectorsExplanatoryTextBlock,,
DisclosureOfKeyManagerialPersonnelsAndDirectorsAndRemunerationToKeyManagerialPersonnelsAndDirectorsAbstract,,
DisclosureOfKeyManagerialPersonnelsAndDirectorsAndRemunerationToKeyManagerialPersonnelsAndDirectorsTable,"This is a mandatory table. Director should be associated with the company at any time during the PeriodCoveredByFinancialStatements. Mandatory to enter details of atleast 1 in case of OPC, 2 in case of private company, 3 in case of public company and 5 in case of Producer company. Status of the company (Private/Public/Producer/OPC) to be checked as on the Date of end of reporting period.",
KeyManagerialPersonnelsAndDirectorsAxis,,
DisclosureOfKeyManagerialPersonnelsAndDirectorsAndRemunerationToKeyManagerialPersonnelsAndDirectorsLineItems,,
NameOfKeyManagerialPersonnelOrDirector,"If value of ‘DesignationOfKeyManagerialPersonnelOrDirector’ is one of the below then Name should be based on DIN in any order:
• (Managing Director)
• (Whole Time Director) 
• (Independent Director) 
• (Other Non Executive Director) 

If value of ‘DesignationOfKeyManagerialPersonnelOrDirector’ is one of the below then Name should be based on PAN details available:
• (Manager) 
• (CEO) 
• (Company Secretary) 
• (CFO)
",
DirectorIdentificationNumberOfKeyManagerialPersonnelOrDirector,Should be valid DIN. DIN entered in repetitive dimension members should be unique.,
PermanentAccountNumberOfKeyManagerialPersonnelOrDirector,It should be a valid PAN as per the income tax PAN format. PAN should be associated with Company.,
DateOfBirthOfKeyManagerialPersonnelOrDirector,Should be less than system date. Difference between this date and system date should be greater than or equal to 18 years.,
DesignationOfKeyManagerialPersonnelOrDirector,KMP should be associated with the company during the reporting period.,
QualificationOfKeyManagerialPersonnelOrDirector,,
SharesHeldByKeyManagerialPersonnelOrDirector,Should be greater than or equal to zero,
KeyManagerialPersonnelOrDirectorRemunerationAbstract,,
GrossSalaryToKeyManagerialPersonnelOrDirectorAbstract,,
SalaryKeyManagerialPersonnelOrDirector,,
PerquisitesKeyManagerialPersonnelOrDirector,,
ProfitsInLieuOfSalaryKeyManagerialPersonnelOrDirector,Should be greater than or equal to zero (if entered),
GrossSalaryToKeyManagerialPersonnelOrDirector,,
SittingFeesKeyManagerialPersonnelOrDirector,,
StockOptionKeyManagerialPersonnelOrDirector,,
SweatEquityKeyManagerialPersonnelOrDirector,Should be greater than or equal to zero (if entered),
CommissionAsPercentageOfProfitKeyManagerialPersonnelOrDirector,Should be greater than or equal to zero (if entered),
OtherCommissionKeyManagerialPersonnelOrDirector,Should be greater than or equal to zero (if entered),
OtherCompensationKeyManagerialPersonnelOrDirector,,
KeyManagerialPersonnelOrDirectorRemuneration,,
CeilingAsPerActKeyManagerialPersonnelOrDirectorRemuneration,,
[300800] Notes - Disclosures pertaining to real estate enterprises,,
name,,
DisclosureOfNotesPertainingToRealEstateEnterprisesExplanatoryTextBlock,,
DisclosureOfRealEstateProjectRevenuesAbstract,,
SaleOfPlotsOfLand,,
SaleOfDevelopedPlotsOfLand,,
SaleOfDevelopedPlotsOfLandLongTermSaleTypeLeases,,
SaleOfSemiFinishedStructures,,
SaleOfFinishedStructures,,
ConsiderationForConstruction,,
ConsiderationForContractAbstract,,
PropertyManagementServiceFees,,
SaleOfDecorativeFittingsExcludingFittingsWhichAreIntegralPartOfUnitsToBeDelivered,,
RentalInLieuOfUnoccupiedPremises,,
ConsiderationForContractOthers,,
ConsiderationForContract,,
ConsiderationForAmenities,,
ConsiderationForInteriors,,
ConsiderationForParkingSpaces,,
SaleOfDevelopmentRights,,
OtherRealEstateProjectRevenues,,
RealEstateProjectRevenues,,
DisclosureOfMethodsUsedToDetermineProjectRevenueRecognised,,
DisclosureOfMethodsUsedToDetermineStageOfCompletionOfProject,,
CostsIncurredAndRecognisedProfitsLessRecognisedLossesForProjectsInProgress,,
AdvanceReceivedAgainstProjects,,
AmountOfWorkInProgressForProjectsInProgress,,
ValueOfInventoryForProjects,,
ExcessOfRevenueRecognisedOverActualBillsRaisedForProjectsInProgress,,
DisclosureOfDetailsOnProjectCostAbstract,,
CostOfLandAndDevelopmentRightsAbstract,,
CostOfAcquisitionOfLand,,
DevelopmentRightsInLandOrPropertyIncludingCostOfLand,,
CostOfDevelopmentRights,,
RehabilitationCosts,,
RegistrationCharges,,
StampDuty,,
BrokerageCost,,
OtherIncidentalExpensesForLandPurchasedForDevelopment,,
CostOfLandAndDevelopmentRights,,
DisclosureOfBorrowingCostsOnRealEstateProjectsAbstract,,
BorrowingCostsIncurredDirectlyInRelationToProject,,
BorrowingCostsApportionedToRealEstateProject,,
BorrowingCostsOnRealEstateProjects,,
DisclosureOfDetailsOnConstructionAndDevelopmentCostAbstract,,
ConstructionAndDevelopmentCostAbstract,,
ConstructionAndDevelopmentCostIncurredDirectlyInRelationToProjectAbstract,,
LandConversionCost,,
BettermentCharges,,
MunicipalSanctionFee,,
OtherChargesForObtainingBuildingPermission,,
SiteLabourCostIncludingSiteSupervision,,
CostOfMaterialsUsedInConstructionOrDevelopmentOfProperty,,
DepreciationOfPlantAndEquipmentUsedInConstructionUsedForProject,,
CostOfMovingPlantEquipmentAndMaterialsFromOrToProjectSite,,
CostOfHiringPlantAndEquipment,,
CostsOfDesignAndTechnicalAssistanceThatIsDirectlyRelatedToProject,,
EstimatedCostsOfRectificationAndGuaranteeWorkIncludingExpectedWarrantyCosts,,
ClaimsFromThirdParties,,
OtherCostIncurredDirectlyInRelationToProject,,
ConstructionAndDevelopmentCostIncurredDirectlyInRelationToProject,,
ConstructionAndDevelopmentCostApportionedToProjectAbstract,,
InsuranceCostApportionedToProject,,
CostsOfDesignAndTechnicalAssistanceThatIsNotDirectlyRelatedToProject,,
ConstructionOrDevelopmentOverheads,,
BorrowingCostsApportionedToProject,,
OtherConstructionAndDevelopmentCostApportionedToProject,,
ConstructionAndDevelopmentCostApportionedToProject,,
ConstructionAndDevelopmentCost,,
ProjectCost,,
[300900] Notes - Financial instruments,,
name,,
DisclosureOfFinancialInstrumentsExplanatoryTextBlock,,
DisclosuresPertainingToHedgeAccountingWhereAS11NotApplicableAndAS30AppliedAbstract,,
DescriptionOfTypeOfHedge,,
DescriptionOfFinancialInstrumentsDesignatedAsHedgingInstrument,,
FairValueOfFinancialInstrumentsDesignatedAsHedgingInstruments,,
DescriptionOfNatureOfRisksBeingHedged,,
DisclosureOfCashFlowHedgesAbstract,,
DescriptionOfPeriodsWhenCashFlowsExpectedToOccur,,
DescriptionOfPeriodsWhenCashFlowsAffectProfitOrLoss,,
DescriptionOfForecastTransactionHedgeAccountingPreviouslyUsedButNoLongerExpectedToOccur,,
AmountRecognisedInHedgingReserveAccountDuringPeriod,,
AmountRemovedFromHedgingReserveAndIncludedInStatementOfProfitAndLossForPeriod,,
AmountRemovedFromHedgingReserveDuringPeriodAndIncludedInInitialCostOrOtherCarryingAmountOfNonFinancialAsset,,
AmountRemovedFromHedgingReserveDuringPeriodAndIncludedInInitialCostOrOtherCarryingAmountOfNonFinancialLiability,,
DisclosureOfFairValueHedgesAbstract,,
GainsLossesOnHedgingInstrument,,
GainsLossesOnHedgedItemAttributableToHedgedRisk,,
GainsLossesOnIneffectivenessOfCashFlowHedgesRecognisedInProfitOrLoss,,
GainsLossesOnIneffectivenessOfHedgesOfNetInvestmentsInForeignOperations,,
DisclosuresWhereAS30NotAppliedAndAS11NotApplicableAbstract,,
LossesOnMarkToMarketOnDerivativesRecognisedInStatementOfProfitAndLoss,,
[301000] Notes - Corporate social responsibility,,
DisclosureOfCorporateSocialResponsibilityExplanatoryTextBlock,,
WhetherProvisionsOfCorporateSocialResponsibilityAreApplicableOnCompany,This field is mandatory,
DisclosureOfNetProfitsForLastThreeFinancialYearsAbstract,,
DisclosureOfNetProfitsForLastThreeFinancialYearsTable,This table will be mandatory if yes is selected in “WhetherProvisionsOfCorporateSocialResponsibilityAreApplicableOnCompany”,
NetProfitsForLastThreeFinancialYearsAxis,,
FinancialYearMember,"Details of atleast year one member will be mandatory if Disclosure of net profits for last three financial years [Table] becomes mandatory.
",
FinancialYear1Member,,
FinancialYear2Member,,
FinancialYear3Member,,
DisclosureOfNetProfitsForLastThreeFinancialYearsLineItems,,
DescriptionOfFinancialYear,,
ProfitBeforeTaxOfFinancialYear,"
Value entered in this field Financial Year Member 1, should match with the value entered in the ELR “100200” for the element “ProfitBeforeTax” for the previous reporting period  
",
NetProfitComputedUnderSection198AndAdjustedAsPerRule21FOfCompaniesCSRPolicyRules2014,,
DisclosureOfCompositionOfCSRCommitteeTextBlock,Mandatory if 'WhetherCompanyHasWrittenCSRPolicy' is selected as ‘Yes’,
DisclosureOfCSRPolicyAbstract,,
WhetherCompanyHasWrittenCSRPolicy,This field is mandatory if Yes is selected in 'WhetherProvisionsOfCorporateSocialResponsibilityAreApplicableOnCompany',
DetailsCSRPolicyTextBlock,Mandatory if 'WhetherCompanyHasWrittenCSRPolicy' is selected as Yes,
DisclosureOverviewOfProjectsOrProgramsProposedToBeUndertakenCSRPolicy,,
DisclosureWebLinkOfCompanyAtWhichCSRPolicyIsPlaced,,
DisclosureWebLinkProjectsOrProgramsUndertakenCSRPolicy,,
DisclosureOtherContentsCSRPolicy,,
DisclosureOfCSRSpendingAbstract,,
AverageNetProfitForLastThreeFinancialYears,"Value entered here should be equivalent to average of values entered in ""NetProfitComputedUnderSection198AndAdjustedAsPerRule21FOfCompaniesCSRPolicyRules2014"" 
","Note- For caluclation of average net profit for the last three Financial years-
If value is entered only in Year 1 member  of ""NetProfitComputedUnderSection198AndAdjustedAsPerRule21FOfCompaniesCSRPolicyRules2014"" , then divide by 1.
If value is entered for Year 1 and 2 member then divide by 2 (Zero also considered as value)**
If value is entered for Year 1,2 and 3 memeber then divide by 3  (Zero also considered as value)**"
PrescribedCSRExpenditure,"It should be equal to or greater than zero. Mandatory only if 'WhetherProvisionsOfCorporateSocialResponsibilityAreApplicableOnCompany' is Yes

Value entered here should be 2 percent of ""AverageNetProfitForLastThreeFinancialYears"" if ""AverageNetProfitForLastThreeFinancialYears"" is greater than zero.",
DetailsOfCSRSpentDuringFinancialYearAbstract,,
AmountCSRToBeSpentForFinancialYear,It should be equal to or greater than zero. Mandatory only if 'WhetherProvisionsOfCorporateSocialResponsibilityAreApplicableOnCompany' is Yes,
AmountCSRSpentForFinancialYear,"The amount entered here should be same as ""CSRExpenditure""  in ELR 100200 of  'Statement of profit and loss""

The amount entered here should be same as ""CSRExpenditure""  in ELR 100200 of  'Statement of profit and loss"".
AND
It should match with the total of CSR spending amount in the 'ClassificationOfCSRSpendingTable' table element 'AmountSpentOnProjectsOrPrograms'",
AmountUnspentCSR,It should be equal to or greater than zero. Mandatory only if 'WhetherProvisionsOfCorporateSocialResponsibilityAreApplicableOnCompany' is Yes,
MannerInWhichAmountCSRSpentDuringFinancialYearAbstract,,
DisclosureMannerInWhichAmountCSRSpentDuringFinancialYearExplanatoryTextBlock,,
ClassificationOfCSRSpendingTable,"This table is mandatory only if Yes is selected in ""WhetherProvisionsOfCorporateSocialResponsibilityAreApplicableOnCompany""",
ClassificationOfCSRSpendingAxis,,
MannerInWhichAmountCSRSpentDuringFinancialYearLineItems,,
CSRProjectOrActivityIdentified,,
SectorInWhichProjectIsCovered,This field is mandatory if 'CSRProjectOrActivityIdentified' is entered,
WhetherProjectsOrProgramsUndertakenInLocalAreaOrOther,,
NameOfStateOrUnionTerritoryWhereProjectsOrProgramsWasUndertaken,This field is mandtory if 'SectorInWhichProjectIsCovered' is entered,
NameOfDistrictWhereProjectsOrProgramsWasUndertaken,,
BudgetAmountOutlayProjectOrProgramWise,This field is mandatory if 'SectorInWhichProjectIsCovered' is entered,
AmountSpentOnProjectsOrProgramsAbstract,,
DirectExpenditureOnProjectsOrPrograms,,
OverheadsOnProjectsOrPrograms,,
AmountSpentOnProjectsOrPrograms,Should be equal to or greater than zero.This field is mandatory if 'SectorInWhichProjectIsCovered' is entered.,
CumulativeExpenditureUptoReportingPeriod,,
ExpenditureOnAdministrativeOverheads,,
ModeOfAmountSpent,,
DetailsOfImplementingAgency,"Shall be mandatory if ModeOfAmountSpent is other than ""directly by company""",
DisclosureResponsibilityStatementOfCSRCommitteeThatImplementationAndMonitoringOfCSRPolicyIsInComplianceWithCSRPolicyOfCompany,,
AmountSpentDuringYearAbstract,,
AmountSpentOnConstructionOrAcquisitionOfAnyAssetInCash,,
AmountSpentOnConstructionOrAcquisitionOfAnyAssetYetToBePaidInCash,,
AmountSpentOnConstructionOrAcquisitionOfAnyAsset,,
AmountSpentOnPurposesOtherThanConstructionOrAcquisitionOfAnyAssetInCash,,
AmountSpentOnPurposesOtherThanConstructionOrAcquisitionOfAnyAssetYetToBePaidInCash,,
AmountSpentOnPurposesOtherThanConstructionOrAcquisitionOfAnyAsset,,
AmountSpentInLocalArea,,
[400100] Disclosure of general information about company,,
name,,
DisclosureOfGeneralInformationAboutCompanyAbstract,,
DisclosureOfCompanyInformationAbstract,,
NameOfCompany,This is a mandatory field. Name should be based on CIN.,
CorporateIdentityNumber,This is a mandatory field. Valid CIN. Should be same as entered in the Form.,
PermanentAccountNumberOfEntity,This is a mandatory field. Should be valid PAN as per Income_tax_PAN  format.,
AddressOfRegisteredOfficeOfCompany,This is a mandatory field.,
TypeOfIndustry,This is a mandatory field. Only Commercial and Industrial can be selected for the time being.,
RegistrationDate,,
CategoryOrSubcategoryOfCompany,,
WhetherCompanyIsListedCompany,,
NumberOfEmployeesInTheCompanyAtTheEndOfTheFinancialYear,"Mandatory if ""DateOfStartOfReportingPeriod"" is more than 01/04/2018",
WhetherCompanyHasPublishedSustainabilityReportForTheFinancialYear,"Mandatory if ""DateOfStartOfReportingPeriod"" is more than 01/04/2018",
DisclosureOfDocumentInformationAbstract,,
DateOfBoardMeetingWhenFinalAccountsWereApproved,"This is a mandatory field. Should be less than or equal to system date.
Should be greater than or equal to DateOfEndOfReportingPeriod
",
PeriodCoveredByFinancialStatements,,
DateOfStartOfReportingPeriod,This is a mandatory field. Should be less than or equal to system date.  Should be same as entered in the Form for the current year. Should be greater than or equal to 01.04.2014,
DateOfEndOfReportingPeriod,"This is a mandatory field. Should be less than or equal to system date. Should be greater than or equal to DateOfStartOfReportingPeriod entered. Should be same as entered in the Form for the current year.
Difference between start date and end date should not be greater than 18 months.
In case of previous year, date entered in this field should be one day less than date entered in field 'DateOfStartOfReportingPeriod' for current year.'",
NatureOfReportStandaloneConsolidated,This is a mandatory field.,
ContentOfReport,This is a mandatory field,
DescriptionOfPresentationCurrency,This is a mandatory field. Should be INR.,
LevelOfRoundingUsedInFinancialStatements,This is a mandatory field.,
TypeOfCashFlowStatement,"Elements for cash flow- direct or indirect shall be applicable based on the value selected in field Type of cash flow. For eg: In case type of Cash flow is direct, only elements in respect of direct method should be there and vice-a-versa.",
DisclosureWebLinkOfCompanyAtWhichAnnualReportIsPlaced,,
DisclosureOfOtherGeneralInformationAbstract,,
DateFromWhichRegisterOfMembersRemainedClosed,Should be less than or equal to system date.,
DateTillWhichRegisterOfMembersRemainedClosed,,
NameOfRegistrarAndTransferAgent,,
AddressAndContactDetailsOfRegistrarAndTransferAgent,,
WhetherCompanyIsMaintainingBooksOfAccountAndOtherRelevantBooksAndPapersInElectronicForm,This is a mandatory element ,
PostalAddressOfPlaceOfMaintenanceOfComputerServersStoringAccountingDataAbstract,"Mandatory if Yes is selected in ""Whether company is maintaining books of account and other relevant books and papers in electronic form """,
CompletePostalAddressOfPlaceOfMaintenanceOfComputerServersStoringAccountingData,"Mandatory if Yes is selected in ""Whether company is maintaining books of account and other relevant books and papers in electronic form """,
NameOfCityOfPlaceOfMaintenanceOfComputerServersStoringAccountingData,"Mandatory if Yes is selected in ""Whether company is maintaining books of account and other relevant books and papers in electronic form """,
NameOfStateUnionTerritoryOfPlaceOfMaintenanceOfComputerServersStoringAccountingData,"Mandatory if Yes is selected in ""Whether company is maintaining books of account and other relevant books and papers in electronic form """,
PinCodeOfPlaceOfMaintenanceOfComputerServersStoringAccountingData,"Mandatory if Yes is selected in ""Whether company is maintaining books of account and other relevant books and papers in electronic form """,
NameOfDistrictOfPlaceOfMaintenanceOfComputerServersStoringAccountingData,"Mandatory if Yes is selected in ""Whether company is maintaining books of account and other relevant books and papers in electronic form """,
ISOCountryCodeOfPlaceOfMaintenanceOfComputerServersStoringAccountingData,"Mandatory if Yes is selected in ""Whether company is maintaining books of account and other relevant books and papers in electronic form """,
NameOfCountryOfPlaceOfMaintenanceOfComputerServersStoringAccountingData,"Mandatory if Yes is selected in ""Whether company is maintaining books of account and other relevant books and papers in electronic form """,
PhoneWithSTDISDCodeOfPlaceOfMaintenanceOfComputerServersStoringAccountingData,"Mandatory if Yes is selected in ""Whether company is maintaining books of account and other relevant books and papers in electronic form """,
ParticularsOfServiceProviderAbstract,,
NameOfTheServiceProvider,,
InternetProtocolAddressOfServiceProvider,Mandatory to enter only if name of the service provider entered,
LocationOfTheServiceProvider,Mandatory to enter only if name of the service provide is entered,
WhetherBooksOfAccountAndOtherBooksAndPapersAreMaintainedOnCloud,Mandatory to enter only if name of the service provide is entered,
AddressAsProvidedByTheServiceProvider,Mandatory to enter only if Yes is selected in “where the books of account and other books and papers are maintained on cloud-,
DisclosureOfPrincipalProductOrServicesAbstract,,
TotalNumberOfProductOrServiceCategory,,
DescriptionOfPrincipalProductOrServicesCategory,,
DisclosureOfPrincipalProductOrServicesTable,"This table is mandatory if ""RevenueFromSaleOfProducts""or ""RevenueFromSaleOfServices"" is greater than zero. ",
TypesOfPrincipalProductOrServicesAxis,,
DisclosureOfPrincipalProductOrServicesLineItems,,
ProductOrServiceCategoryITC4DigitCode,Should be a valid 4 digit Product/Service ITC/NPCS code.,
DescriptionOfProductOrServiceCategory,,
TurnoverOfProductOrServiceCategory,Should be greater than zero.,
HighestTurnoverContributingProductOrServiceITC8DigitCode,Should be a valid 8 digit Product/Service code corresponding to the ITC/NPCS 4 digit code,
DescriptionOfProductOrService,,
UnitOfMeasurementOfHighestContributingProductOrService,,
TurnoverOfHighestContributingProductOrService,Should be greater than or equal to zero.,
QuantityOfHighestContributingProductOrServiceInUom,Should be greater than or equal to zero.,
[400200] Disclosures - Auditors report,,
name,,
DisclosureInAuditorsReportExplanatoryTextBlock,This is a mandatory field ,
WhetherCompaniesAuditorsReportOrderIsApplicableOnCompany,This is a mandatory field.,
WhetherAuditorsReportHasBeenQualifiedOrHasAnyReservationsOrContainsAdverseRemarks,This is a mandatory field.,
AuditorsQualificationsReservationsOrAdverseRemarksInAuditorsReport,,
DisclosureOfAuditorsQualificationsReservationsOrAdverseRemarksInAuditorsReportAbstract,,
DisclosureOfAuditorsQualificationsReservationsOrAdverseRemarksInAuditorsReportTable,This table is mandatory in case Yes is selected in field 'WhetherCompaniesAuditorsReportOrderIsApplicableOnCompany' ,
AuditorsQualificationsReservationsOrAdverseRemarksInAuditorsReportAxis,,
AuditorsRemarkMember,,
AuditorsFavourableRemarkMember,,
AuditorsUnfavourableRemarkMember,,
AuditorsDisclaimerRemarkMember,,
ClauseNotApplicableMember,,
DisclosureOfAuditorsQualificationsReservationsOrAdverseRemarksInAuditorsReportLineItems,In case a line item is provided for any member then the same line item cannot be provided against any other member,
DisclosureInAuditorsReportRelatingToFixedAssets,,
DisclosureRelatingToQuantitativeDetailsOfFixedAssets,,
DisclosureRelatingToPhysicalVerificationAndMaterialDiscrepanciesOfFixedAssets,,
DisclosureRelatingToTitleDeedsOfImmovableProperties,,
DisclosureRelatingToFixedAssetsDisposedOff,,
DisclosureInAuditorsReportRelatingToInventories,,
DisclosureInAuditorsReportRelatingToLoans,,
DisclosureAboutLoansGrantedToPartiesCoveredUnderSection189OfCompaniesAct,,
DisclosureRelatingToTermsAndConditionsOfLoansGranted,,
DisclosureRegardingReceiptOfLoansGranted,,
DisclosureRegardingTermsOfRecoveryOfLoansGranted,,
DisclosureInAuditorsReportRelatingToComplianceWithSection185And186OfCompaniesAct2013,,
DisclosureInAuditorsReportRelatingToDepositsAccepted,,
DisclosureInAuditorsReportRelatingToMaintenanceOfCostRecords,,
DisclosureInAuditorsReportRelatingToStatutoryDuesTextBlock,,
DisclosureRelatingToRegularityInPaymentOfUndisputedStatutoryDues,,
DisclosureRelatingToDisputedStatutoryDues,,
DisclosureInAuditorsReportRelatingToDefaultInRepaymentOfFinancialDues,,
DisclosureInAuditorsReportRelatingToPublicOfferAndTermLoansUsedForPurposeForWhichThoseWereRaised,,
DisclosureInAuditorsReportRelatingToFraudByTheCompanyOrOnTheCompanyByItsOfficersOrItsEmployeesReportedDuringPeriod,,
DisclosureInAuditorsReportRelatingToManagerialRemuneration,,
DisclosureInAuditorsReportRelatingToNidhiCompany,,
DisclosureInAuditorsReportRelatingToTransactionsWithRelatedParties,,
DisclosureInAuditorsReportRelatingToPreferentialAllotmentOrPrivatePlacementOfSharesOrConvertibleDebentures,,
DisclosureInAuditorsReportRelatingToNonCashTransactionsWithDirectorsOrPersonsConnectedWithHim,,
DisclosureInAuditorsReportRelatingToRegistrationUnderSection45IAOfReserveBankOfIndiaAct1934,,
DetailsRegardingAuditorsAbstract,,
DetailsRegardingAuditorsTable,This is a mandatory table. All Details (Except name of audit firm) of atleast one auditor to be mandatory,
AuditorsAxis,,
DetailsRegardingAuditorsLineItems,,
CategoryOfAuditor,,
NameOfAuditFirm,Mandatory if 'Auditors firm' is selected in 'CategoryOfAuditor',
NameOfAuditorSigningReport,Should be as per ICAI database based on MembershipNumberOfAuditor in any order.,
FirmsRegistrationNumberOfAuditFirm,Mandatory if 'Auditors firm' is selected in 'CategoryOfAuditor',
MembershipNumberOfAuditor,Should be a valid membership number as per ICAI database.  Membership number entered in repetitive dimensional elements should be unique.,
AddressOfAuditors,,
PermanentAccountNumberOfAuditorOrAuditorsFirm,Should be different from the PAN of company. Should be valid PAN as per Income_tax_PAN  format.,
SRNOfFormADT1,"Should be valid SRN of Form 23B/GNL-2/ADT-1and should be associated with the company or should be Z99999999
SRN of Form 23B/GNL-2/ADT-1as entered should not have been marked as ‘Defective’.
Z99999999 should be entered only in case filing of Form ADT-1, 23B or GNL-2 is not applicable for auditor.",
DateOfSigningAuditReportByAuditors,Should be less than or equal to system date. Should be greater than or equal to DateOfSigningOfBalanceSheetByAuditors,
DateOfSigningOfBalanceSheetByAuditors,"Should be less than or equal to system date. Should be greater than or equal to Date of signing balance sheet by director or secretary or manager. In case of multiple dates, latest date should be considered. ",
[400300] Disclosures - Signatories of Financial Statements,,
name,,
DetailsOfSignatoriesOfFinancialStatementsAbstract,,
DetailsOfDirectorsSigningFinancialStatementsAbstract,,
DetailsOfDirectorsSigningFinancialStatementsTable,This is a mandatory table. All Details of atleast one director should be entered. Director should be associated with the company as on date of signing of Balance sheet by that director.,
DirectorsSigningFinancialStatementsAxis,,
DetailsOfDirectorsSigningFinancialStatementsLineItems,,
NameOfDirectorSigningFinancialStatementsAbstract,Name should be based on DIN in any order,
FirstNameOfDirector,,
MiddleNameOfDirector,,
LastNameOfDirector,,
DesignationOfDirector,,
DirectorIdentificationNumberOfDirector,Should be valid DIN. DIN entered in repetitive diemsnion members should be unique.,
DateOfSigningOfFinancialStatementsByDirector,"Should be less than or equal to system date.
Should be greater than or equal to DateOfBoardMeetingWhenFinalAccountsWereApproved",
DetailsOfCompanySecretarySigningFinancialStatementsAbstract,Company Secretary should be associated with the company as on date of signing of balance sheet.,
NameOfCompanySecretary,,
PermanentAccountNumberOfCompanySecretary,Should be different from the PAN of company and auditor. Should be valid PAN as per Income_tax_PAN format.,
DateOfSigningOfFinancialStatementsByCompanySecretary,"Should be less than or equal to system date.
Should be greater than or equal to DateOfBoardMeetingWhenFinalAccountsWereApproved",
DetailsOfChiefFinancialOfficerFinancialStatementsAbstract,,
NameOfChiefFinancialOfficer,,
PermanentAccountNumberOfChiefFinancialOfficer,Should be different from the PAN of company and Auditor. Should be valid PAN as per Income_tax_PAN  format. Should be associated with the company on the date of signing balance sheet,
DateOfSigningOfFinancialStatementsByChiefFinancialOfficer,"Should be less than or equal to system date.
Should be greater than or equal to DateOfBoardMeetingWhenFinalAccountsWereApproved",
DetailsOfManagerSigningFinancialStatementsAbstract,,
DetailsOfManagerSigningFinancialStatementsTable,,
ManagerSigningFinancialStatementsAxis,,
DetailsOfManagerSigningFinancialStatementsLineItems,Manager should be associated with the company as on date of signing of balance sheet by that manager.,
NameOfManagerAbstract,,
FirstNameOfManager,,
SecondNameOfManager,,
LastNameOfManager,,
PermanentAccountNumberOfManager,Should be different from the PAN of company and Auditor. PAN of manager entered in repetitive tuple elements should be unique. Should be valid PAN as per Income_tax_PAN  format.,
DateOfSigningOfFinancialStatementsByManager,"Should be less than or equal to system date.
Should be greater than or equal to DateOfBoardMeetingWhenFinalAccountsWereApproved",
[400400] Disclosures - Directors report,,
name,,
DisclosureInBoardOfDirectorsReportExplanatoryTextBlock,This is a mandatory field.,
DescriptionOfStateOfCompaniesAffair,This is a mandatory field,
DisclosureRelatingToAmountsIfAnyWhichIsProposedToCarryToAnyReserves,This is a mandatory field,
DisclosuresRelatingToAmountRecommendedToBePaidAsDividend,This is a mandatory field,
DetailsRegardingEnergyConservation,This is a mandatory field,
DetailsRegardingTechnologyAbsorption,This is a mandatory field,
DetailsRegardingForeignExchangeEarningsAndOutgo,This is a mandatory field,
DetailsOfMaterialChangesAndCommitmentOccurredDuringPeriodAffectingFinancialPositionOfCompany,This is a mandatory field,
DisclosuresInDirectorsResponsibilityStatement,This is a mandatory field,
DirectorsCommentOnAuditorsQualificationsReservationsAdverseRemarksInAuditorsReportTable,This table is Mandatory,
DisclosuresRelatingToEmployeeStockOptionSchemeExplanatoryTextBlock,,
DisclosuresRelatingToEmployeeStockOptionSchemeAbstract,,
DisclosuresRelatingToEmployeeStockOptionSchemeTable,,
CategoriesOfEmployeeStockOptionSchemeAxis,,
DisclosuresRelatingToEmployeeStockOptionSchemeLineItems,,
OptionsGranted,Should be greater than or equal to zero,
PricingFormula,,
OptionsVested,Should be greater than or equal to zero,
OptionsExercised,Should be greater than or equal to zero,
TotalNumberOfSharesArisingAsResultOfExerciseOfOption,Should be greater than or equal to zero,
OptionsLapsed,Should be greater than or equal to zero,
VariationOfTermsOfOptions,,
MoneyRealisedByExerciseOfOptions,,
TotalNumberOfOptionsInForce,Should be greater than or equal to zero,
EmployeeWiseDetailsOfOptionsGrantedAbstract,,
OptionsGrantedToSeniorManagerialPersonnel,Should be greater than or equal to zero,
OptionsGrantedToEmployeeReceivingGrantOfMoreThanFivePerCentOfOption,Should be greater than or equal to zero,
OptionsGrantedToIdentifiedEmployeesReceivingGrantExceedingOnePerCentOfIssuedCapital,Should be greater than or equal to zero,
DilutedEarningPerSharePursuantToIssueOfSharesOnExerciseOfOption,,
DifferenceOfUsingIntrinsicValueOfStockOptionsAsAgainstFairValueOfStockOptionsInComputingEmployeeCompensationCost,,
ImpactOnProfitsOfUsingIntrinsicValueOfStockOptionsAsAgainstFairValueOfStockOptionsInComputingEmployeeCompensationCost,,
ImpactOnEarningsPerShareOfUsingIntrinsicValueOfStockOptionsAsAgainstFairValueOfStockOptionsInComputingEmployeeCompensationCost,,
DetailsOfOptionsWhoseExercisePriceEqualsOrExceedsOrIsLessThanMarketPriceAbstract,,
WeightedAverageExercisePricesOfOptionsWhoseExercisePriceEqualsOrExceedsOrIsLessThanMarketPrice,Should be greater than or equal to zero,
WeightedAverageFairValuesOfOptionsWhoseExercisePriceEqualsOrExceedsOrIsLessThanMarketPrice,Should be greater than or equal to zero,
DescriptionOfMethodsAndSignificantAssumptionsUsedToEstimateFairValueOfOptions,,
WeightedAverageInformationUsedInEstimatingFairValueOfOptionsAbstract,,
RiskFreeInterestRate,Should be greater than or equal to zero. ,
ExpectedLife,Should be greater than or equal to zero,
ExpectedVolatility,Should be greater than or equal to zero,
ExpectedDividends,Should be greater than or equal to zero,
MarketPriceOfUnderlyingShare,,
ImpactOnProfitsOnFollowingAccountingPoliciesSpecifiedInScheduleIOfSEBIGuidelines,,
ImpactOnEarningsPerShareOnFollowingAccountingPoliciesSpecifiedInScheduleIOfSEBIGuidelines,,
DisclosuresRelatingToEmployeeStockPurchaseSchemeExplanatoryTextBlock,,
DisclosuresRelatingToEmployeeStockPurchaseSchemeAbstract,,
DisclosuresRelatingToEmployeeStockPurchaseSchemeTable,,
CategoriesOfEmployeeStockPurchaseSchemeAxis,,
DisclosuresRelatingToEmployeeStockPurchaseSchemeLineItems,,
NumberOfSharesIssuesInEmployeeStockPurchaseScheme,Should be greater than or equal to zero,
PriceAtWhichSharesAreIssued,Should be greater than or equal to zero,
EmployeeWiseDetailsOfSharesIssuedAbstract,,
SharesIssuedToSeniorManagerialPersonnel,Should be greater than or equal to zero,
SharesIssuedToEmployeeReceivingMoreThanFivePerCentOfSharesIssued,Should be greater than or equal to zero,
SharesIssuedToIdentifiedEmployeesExceedingOnePerCentOfIssuedCapital,Should be greater than or equal to zero,
DilutedEarningPerSharePursuantToIssueOfSharesUnderEmployeeStockPurchaseScheme,,
ConsiderationReceivedAgainstIssuanceOfShares,,
DateOfBoardOfDirectorsMeetingInWhichBoardReportReferredToUnderSection134WasApproved,Should be less than or equal to system date. Should be greater than or equal to 'DateOfBoardMeetingWhenFinalAccountsWereApproved',
DetailsOfSignatoriesOfBoardReportAbstract,,
DetailsOfDirectorsSigningBoardReportTable,This ia a mandatory table. All Details of atleast one director should be entered. Director should be associated with the company as on date of signing of Board Report by that director.,
DirectorsSigningBoardReportAxis,,
DetailsOfDirectorsSigningBoardReportLineItems,,
NameOfDirectorSigningBoardReportAbstract,Name should be based on DIN in any order,
FirstNameOfDirector,,
MiddleNameOfDirector,,
LastNameOfDirector,,
DesignationOfDirector,,
DirectorIdentificationNumberOfDirector,Should be valid DIN. DIN entered in repetitive diemsnion members should be unique.,
DateOfSigningBoardReport,Should be less than or equal to system date. Should be greater than or equal to 'DateOfBoardOfDirectorsMeetingInWhichBoardReportReferredToUnderSection134WasApproved',
ParticularsOfLoansGuaranteeInvestmentUnderSection186TextBlock,This item is mandatory,
ParticularsOfContractsArrangementsWithRelatedPartiesUnderSubSection1OfSection188TextBlock,This item is mandatory,
DetailsOfContractsArrangementsTransactionsNotAtArmsLengthBasisAbstract,,
WhetherThereAreContractsArrangementsTransactionsNotAtArmsLengthBasis,This item is mandatory,
DetailsOfContractsArrangementsTransactionsNotAtArmsLengthBasisTable,This table is mandatory if Yes is selected in “WheterThereAreContractsArrangementsTransactionsNotAtArmsLength” ,
ContractsArrangementsTransactionsNotAtArmsLengthBasisAxis,,
DetailsOfContractsArrangementsTransactionsNotAtArmsLengthBasisLineItems,,
NameOfRelatedParty,,
NatureOfRelatedPartyRelationship,,
DescriptionOfNatureOfContractsArrangementsTransactionsWithRelatedParty,,
DurationOfContractsArrangementsTransactionsWithRelatedParty,,
DatesOfApprovalOfContractsArrangementsTransactionsWithRelatedPartyByBoard,,
AmountPaidAsAdvancesIfAnyForContractsArrangementsTransactionsWithRelatedParty,,
DatesOnWhichSpecialResolutionPassedInGeneralMeetingForContractsArrangementsTransactionsWithRelatedPartyRequiredBySection188OfCompaniesAct2013,,
DetailsOfMaterialContractsArrangementsTransactionsAtArmsLengthBasisAbstract,,
WhetherThereAreMaterialContractsArrangementsTransactionsAtArmsLengthBasis,This item is mandatory,
DetailsOfMaterialContractsArrangementsTransactionsAtArmsLengthBasisTable,This table is mandatory if Yes is selected in “WhetherThereAreContractsArrangementsTransactionsAtArmslengthbasis”,
MaterialContractsArrangementsTransactionsAtArmsLengthBasisAxis,,
DetailsOfMaterialContractsArrangementsTransactionsAtArmsLengthBasisLineItems,,
NameOfRelatedParty,,
NatureOfRelatedPartyRelationship,,
DescriptionOfNatureOfMaterialContractsArrangementsTransactionsWithRelatedParty,,
DurationOfMaterialContractsArrangementsTransactionsWithRelatedParty,,
DatesOfApprovalOfMaterialContractsArrangementsTransactionsWithRelatedPartyByBoard,,
WhetherApprovalTakenFromBoardForMaterialContractsorArrangementsorTransactionsWithRelatedParty,,
AmountPaidAsAdvancesIfAnyForMaterialContractsArrangementsTransactionsWithRelatedParty,,
DetailsOfStatementIndicatingMannerInWhichFormalAnnualEvaluationMadeByBoardOfItsPerformanceAndOfItsCommitteesAndIndividualDirectorsTextBlock,,
NumberOfMeetingsOfBoard,This item is mandatory. It should be equal to or greater than zero,
DisclosureOfExtractOfAnnualReturnAsProvidedUnderSubSection3OfSection92TextBlock,This item is mandatory,
DisclosureOfStatementOnDeclarationGivenByIndependentDirectorsUnderSubSection6OfSection149TextBlock,This item is mandatory. ,
DisclosureForCompaniesCoveredUnderSubSection1OfSection178OnDirectorsAppointmentAndRemunerationIncludingOtherMattersProvidedUnderSubSection3OfSection178TextBlock,This item is mandatory,
DetailsRegardingAuditorsQualificationsReservationsAdverseRemarksInAuditorsReportAbstract,,
DetailsRegardingAuditorsQualificationsReservationsAdverseRemarksInAuditorsReportTable,"This table is mandatory if ""WhetherAuditorsReportHasBeenQualifiedOrHasAnyReservationsOrContainsAdverseRemarks"" is Yes",
AuditorsQualificationsReservationsAdverseRemarksInAuditorsReportAxis,,
DetailsRegardingAuditorsQualificationsReservationsAdverseRemarksInAuditorsReportLineItems,,
AuditorsQualificationsReservationsAdverseRemarksInAuditorsReport,,
CompanySecretaryQualificationOrObservationOrOtherRemarksInSecretarialAuditReport,,
DetailsRegardingCompanySecretaryQualificationOrObservationOrOtherRemarksInSecretarialAuditReportAbstract,,
DetailsRegardingCompanySecretaryQualificationOrObservationOrOtherRemarksInSecretarialAuditReportTable,"This item will be mandatory if Yes is selected in ""WhetherSecretarialAuditReportHasBeenQualifiedOrHasAnyObservationOrOtherRemarks""",
CompanySecretaryQualificationOrObservationOrOtherRemarksInSecretarialAuditReportAxis,,
DetailsRegardingCompanySecretaryQualificationOrObservationOrOtherRemarksInSecretarialAuditReportLineItems,,
CompanySecretaryQualificationOrObservationOrOtherRemarksInSecretarialAuditReport,,
DirectorsCommentOnCompanySecretaryQualificationOrObservationOrOtherRemarksInSecretarialAuditReport,,
DisclosureOfStatementOnDevelopmentAndImplementationOfRiskManagementPolicyTextBlock,This item is mandatory,
DetailsOnPolicyDevelopmentAndImplementationByCompanyOnCorporateSocialResponsibilityInitiativesTakenDuringYearTextBlock,This item is mandatory,
DisclosureAsPerSubRule5OfRule8OfCompaniesAccountsRules2014TextBlock,,
DisclosureOfFinancialSummaryOrHighlightsTextBlock,This item is mandatory,
DisclosureOfChangeInNatureOfBusinessTextBlock,This item is mandatory,
DetailsOfDirectorsOrKeyManagerialPersonnelsWhoWereAppointedOrHaveResignedDuringYearTextBlock,This item is mandatory,
DisclosureOfCompaniesWhichHaveBecomeOrCeasedToBeItsSubsidiariesJointVenturesOrAssociateCompaniesDuringYearTextBlock,This item is mandatory,
DetailsRelatingToDepositsCoveredUnderChapterVOfCompaniesActTextBlock,This item is mandatory,
DepositsAcceptedDuringYear,,
DepositsRemainedUnpaidOrUnclaimedAtEndOfYear,,
AmountOfDefaultInRepaymentOfDepositsOrPaymentOfInterestThereonBeginningOfYear,,
MaximumAmountOfDefaultInRepaymentOfDepositsOrPaymentOfInterestThereonDuringYear,,
AmountOfDefaultInRepaymentOfDepositsOrPaymentOfInterestThereonEndOfYear,,
NumberOfCasesOfDefaultInRepaymentOfDepositsOrPaymentOfInterestThereonBeginningOfYear,,
MaximumNumberOfCasesOfDefaultInRepaymentOfDepositsOrPaymentOfInterestThereonDuringYear,,
NumberOfCasesOfDefaultInRepaymentOfDepositsOrPaymentOfInterestThereonEndOfYear,,
DetailsOfDepositsWhichAreNotInComplianceWithRequirementsOfChapterVOfCompaniesActTextBlock,This item is Mandatory,
DetailsOfSignificantAndMaterialOrdersPassedByRegulatorsOrCourtsOrTribunalsImpactingGoingConcernStatusAndCompanysOperationsInFutureTextBlock,This item is Mandatory,
DetailsRegardingAdequacyOfInternalFinancialControlsWithReferenceToFinancialStatementsTextBlock,This item is Mandatory,
DisclosureOfContentsOfCorporateSocialResponsibilityPolicyTextBlock,,
DisclosureOfReasonsIfCompanyFailsToSpendPrescribedAmountOnCSR,"Shall be mandatory, if AmountUnspentCSR is greater than zero.",
DisclosureOfOtherReasonsIfCompanyFailsToSpendPrescribedAmountOnCSR,Shall be mandatory in case ‘Others’ is selected in “DisclosureOfReasonsIfCompanyFailsToSpendPrescribedAmountOnCSR”,
DisclosureOfAppointmentAndRemunerationOfManagerialPersonnelsTextBlock,This item is Mandatory,
DetailsOfManagerialPersonnelsRemunerationAbstract,,
DetailsOfManagerialPersonnelsRemunerationTable,,
ManagerialPersonnelsRemunerationAxis,,
DetailsOfManagerialPersonnelsRemunerationLineItems,,
NameOfManagerialPersonnel,,
RatioOfRemunerationOfDirectorToMedianOfRemunerationOfEmployeesForFinancialYear,,
PercentageIncreaseInManagerialPersonnelsRemunerationInFinancialYear,,
PercentageIncreaseInMedianRemunerationOfEmployeesInFinancialYear,,
NumberOfPermanentEmployeesOnRollsOfCompany,,
ExplanationOnRelationshipBetweenAverageIncreaseInRemunerationAndCompanyPerformance,,
DetailsOfComparisonOfRemunerationOfKeyManagerialPersonnelsAgainstPerformanceOfCompanyTextBlock,,
DetailsOfVariationsInMarketCapitalisationOfCompanyTextBlock,,
DetailsOfAveragePercentileIncreaseInSalariesOfEmployeesOtherThanManagerialPersonnelsInLastFinancialYearAndItsComparisonWithPercentileIncreaseInManagerialRemunerationTextBlock,,
DetailsOfComparisonOfEachRemunerationOfKeyManagerialPersonnelsAgainstPerformanceOfCompanyTextBlock,,
DetailsOfKeyParametersForAnyVariableComponentOfRemunerationAvailedByDirectorsTextBlock,,
RatioOfRemunerationOfHighestPaidDirectorToEmployeesWhoAreNotDirectorsButReceiveRemunerationInExcessOfHighestPaidDirectorDuringYear,,
StatementThatRemunerationIsAsPerRemunerationPolicyOfCompany,,
StatementShowingDetailsOfEmployeesOfCompanyUnderSubRule2And3OfRule5OfCompaniesAppointmentAndRemunerationOfManagerialPersonnelsRules2014TextBlock,,
DisclosureRegardingIssueOfSweatEquitySharesTextBlock,,
ClassOfDirectorOrEmployeeToWhomSweatEquitySharesWereIssued,,
ClassOfSharesIssuedAsSweatEquityShares,,
DetailsOfSweatEquitySharesIssuedUnderClauseCOfSubRule13OfRule8OfCompaniesShareCapitalAndDebenturesRules2014TextBlock,,
ReasonsForIssueOfSweatEquityShares,,
PrincipalTermsAndConditionsForIssueOfSweaEquitySharesIncludingPricingFormula,,
TotalNumberOfSharesArisingAsResultOfIssueOfSweatEquityShares,,
PercentageOfSweatEquitySharesOfTotalPostIssuedAndPaidUpShareCapital,,
ConsiderationIncludingConsiderationOtherThanCashReceivedOrBenefitAccruedToCompanyFromIssueOfSweatEquityShares,,
DilutedEarningsPerSharePursuantToIssuanceOfSweatEquityShares,,
DisclosureOfVotingRightsNotExercisedDirectlyByEmployeesTextBlock,,
NamesOfEmployeesNotExercisedVotingRightsDirectlyTextBlock,,
ReasonsForNotVotingDirectlyTextBlock,,
NameOfPersonExercisingVotingRightsDirectlyTextBlock,,
NumberOfSharesHeldByEmployeesExercisingVotingRightsDirectly,,
PercentageOfExercisedSharesHeldByEmployeesToTotalPaidUpShareCapitalOfCompany,,
DateOfGeneralMeetingWhenVotingPowerExercised,,
ResolutionsOnWhichVotesCastedByPersonsHoldingSuchVotingPowerTextBlock,,
PercentageOfSuchVotingPowerToTotalVotingPowerOnEachResolution,,
WhetherVotesWereCastInFavourOfResolution,,
DisclosureOfEquitySharesWithDifferentialRightsTextBlock,,
NumberOfSharesAllottedWithDifferentialRights,,
DetailsOfDifferentialRightsRelatingToVotingRightsAndDividendsTextBlock,,
PercentageOfSharesWithDifferentialRightsIssuedToTotalPostIssueEquityShareCapital,,
PercentageOfVotingRightsWhichEquityShareCapitalWithDifferentialVotingRightShallCarryToTotalVotingRightOfAggregateEquityShareCapital,,
PricePerDifferentialRightsShareIssued,,
ParticularsOfPromotersDirectorsOrKeyManagerialPersonnelsTowhomSuchSharesAreIssuedTextBlock,,
"DetailsOfChangeInControlIfAnyInCompanyConsequentToIssueOfEquitySharesWithDifferentialVotingRightsTextBlock
",,
DilutedEarningPerSharePursuantToIssueOfEachClassOfShares,,
"DetailsOfPreAndPostIssueShareholdingPatternAlongWithVotingRightsTextBlock
",,
DisclosureOfCompositionOfAuditCommitteeAndNonAcceptanceOfAnyRecommendationOfAuditCommitteeAlongWithReasonsTextBlock,,
DisclosureOfDetailsOfEstablishmentOfVigilMechanismTextBlock,,
DisclosureOfPolicyFormulatedByNominationAndRemunerationCommitteeRelatingToRemunerationForDirectorsKeyManagerialPersonnelsAndOtherEmployeesTextBlock,,
DisclosureOfReceiptOfCommissionByDirectorFromHoldingCompanyOrSubsidiaryCompany,,
DisclosureOfFactsOfResignationOfDirectorInReportOfDirectorsLaidInImmediatelyFollowingGeneralMeetingTextBlock,,
DisclosureOfReportConcernsAboutUnethicalBehaviourActualOrSuspectedFraudOrViolationOfCompanysCodeOfConductOrEthicsPolicyTextBlock,,
DetailsOfPrincipalBusinessActivitiesContributing10PercentOrMoreOfTotalTurnoverOfCompanyAbstract,,
DetailsOfPrincipalBusinessActivitiesContributing10PercentOrMoreOfTotalTurnoverOfCompanyTable,,
PrincipalBusinessActivitiesOfCompanyAxis,,
ProductOrServiceMember,,
ProductOrService1Member,,
ProductOrService2Member,,
ProductOrService3Member,,
ProductOrService4Member,,
ProductOrService5Member,,
ProductOrService6Member,,
ProductOrService7Member,,
ProductOrService8Member,,
ProductOrService9Member,,
ProductOrService10Member,,
DetailsOfPrincipalBusinessActivitiesContributing10PercentOrMoreOfTotalTurnoverOfCompanyLineItems,,
NameOfMainProductOrService,"Mandatory if ""DateOfStartOfReportingPeriod"" is more than 01/04/2018",
DescriptionOfMainProductOrService,"Mandatory if ""DateOfStartOfReportingPeriod"" is more than 01/04/2018",
NICCodeOfProductOrService,"Mandatory if ""DateOfStartOfReportingPeriod"" is more than 01/04/2018",
PercentageToTotalTurnoverOfCompany,,
ParticularsOfHoldingSubsidiaryAndAssociateCompaniesAbstract,,
ParticularsOfHoldingSubsidiaryAndAssociateCompaniesTable,,
ParticularsOfCompaniesAxis,,
ParticularsOfHoldingSubsidiaryAndAssociateCompaniesLineItems,,
AddressOfCompany,,
CountryOfIncorporationOfCompany,,
CINOfCompany,,
GLNOfCompany,,
TypeOfCompany,,
PercentageOfSharesHeld,,
ApplicableSection,,
DetailsOfShareholdingPatternAbstract,,
DetailsOfShareholdingPatternTable,,
ShareholdingPatternAxis,,
ShareholdersMember,,
PromotersMember,,
IndianMember,,
IndividualHUFMember,,
CentralGovernmentMember,,
StateGovernmentMember,,
CorporateBodiesMember,,
BanksFinancialInstitutionsMember,,
OtherMember,,
ForeignMember,,
NRIIndividualMember,,
OtherForeignIndividualMember,,
ForeignCorporateBodiesMember,,
ForeignBanksFinancialInstitutionsMember,,
ForeignOtherMember,,
PublicShareholdingMember,,
InstitutionsMember,,
MutualFundsMember,,
PublicShareholdingBanksFinancialInstitutionsMember,,
PublicShareholdingCentralGovernmentMember,,
PublicShareholdingStateGovernmentMember,,
VentureCapitalFundsMember,,
InsuranceCompaniesMember,,
ForeignInstitutionalInvestorMember,,
ForeignVentureCapitalFundsMember,,
OtherInstitutionsMember,,
NonInstitutionsMember,,
NonInstitutionsCorporateBodiesMember,,
IndianCorporateBodiesMember,,
OverseasCorporateBodiesMember,,
IndividualsMember,,
IndividualShareholdersHoldingNominalShareCapitalUptoRupeesOneLakhMember,,
IndividualShareholdersHoldingNominalShareCapitalInExcessOfRupeesOneLakhMember,,
OtherNonInstitutionsMember,,
SharesHeldByCustodianForGDRsAndADRsMember,,
DetailsOfShareholdingPatternLineItems,,
NumberOfDematSharesHeld,,
NumberOfPhysicalSharesHeld,,
NumberOfSharesHeld,,
PercentageOfTotalSharesHeld,,
PercentageOfChangeInSharesHeldDuringYear,,
DetailsOfShareholdingOfPromotersAbstract,,
DetailsOfShareholdingOfPromotersTable,,
PromotersAxis,,
DetailsOfShareholdingOfPromotersLineItems,,
ShareholdersName,,
PercentageOfSharesPledgedEncumberedToTotalShares,,
DetailsOfChangeInPromotersShareholdingTextBlock,,
DetailsOfChangeInPromotersShareholdingAbstract,,
DetailsOfChangeInPromotersShareholdingTable,,
ChangeInShareholdingAxis,,
ShareholdingMember,,
ShareholdingAtBeginningOfYearMember,,
CumulativeShareholdingDuringYearMember,,
DetailsOfChangeInPromotersShareholdingLineItems,,
NameOfPromoter,,
IncreaseDecreaseInShareholdingDuringYear,,
PercentageIncreaseDecreaseInShareholdingDuringYear,,
DetailsOfIncreaseDecreaseInPromotersShareholdingDuringYearTextBlock,,
DetailsOfShareholdingPatternOfTop10ShareholdersAbstract,,
DetailsOfShareholdingPatternOfTop10ShareholdersTable,,
NameOfTop10ShareholderAxis,,
NameOfTop10ShareholderMember,,
Top1ShareholderMember,,
Top2ShareholderMember,,
Top3ShareholderMember,,
Top4ShareholderMember,,
Top5ShareholderMember,,
Top6ShareholderMember,,
Top7ShareholderMember,,
Top8ShareholderMember,,
Top9ShareholderMember,,
Top10ShareholderMember,,
DetailsOfShareholdingPatternOfTop10ShareholdersLineItems,,
DetailsOfIncreaseDecreaseInTop10ShareholdersDuringYearTextBlock,,
DetailsOfShareholdingPatternOfDirectorsAndKeyManagerialPersonnelTextBlock,,
DetailsOfShareholdingPatternOfDirectorsAndKeyManagerialPersonnelAbstract,,
DetailsOfShareholdingPatternOfDirectorsAndKeyManagerialPersonnelTable,,
DirectorsAndKeyManagerialPersonnelAxis,,
DetailsOfShareholdingPatternOfDirectorsAndKeyManagerialPersonnelLineItems,,
NameOfDirectorsAndKeyManagerialPersonnel,,
DetailsOfIncreaseDecreaseInDirectorsAndKeyManagerialPersonnelShareholdingDuringYearTextBlock,,
DetailsOfIndebtednessOfCompanyAbstract,,
DetailsOfIndebtednessOfCompanyTable,,
IndebtednessAxis,,
IndebtednessMember,,
SecuredLoansExcludingDepositsMember,,
UnsecuredLoansMember,,
DetailsOfIndebtednessOfCompanyLineItems,,
PrincipalAmount,,
InterestDueButNotPaid,,
InterestAccruedButNotDue,,
Indebtedness,,
ChangesInIndebtednessAbstract,,
AdditionInIndebtedness,,
ReductionInIndebtedness,,
ChangesInIndebtedness,,
DetailsOfPenaltyPunishmentCompoundingOfOffenceAbstract,,
DetailsOfPenaltyPunishmentCompoundingOfOffenceTable,,
OffenderAxis,,
DetailsOfPenaltyPunishmentCompoundingOfOffenceLineItems,,
NameOfOffender,,
TypeOfOffender,,
CINOfOffender,,
PANOfOffender,,
IdentificationNumberOfOffenderOutsideIndia,,
NatureOfIssuingAuthorityInCountryOfIncorporationOrResidenceOfOffender,,
TypeOfOffence,,
SectionOfCompaniesAct,,
BriefDescriptionOfOffence,,
DetailsOfPenaltyPunishmentCompoundingFeesImposed,,
Authority,,
AppealMade,,
ExercisePrice,,
[400500] Disclosures - Secretarial audit report,,
DisclosureInSecretarialAuditReportExplanatoryTextBlock,,
WhetherSecretarialAuditReportIsApplicableOnCompany,This is a mandatory element,
WhetherSecretarialAuditReportHasBeenQualifiedOrHasAnyObservationOrOtherRemarks,This element will be mandatory if ' WhetherSecretarialAuditReportIsApplicableOnCompany' is selected as 'Yes',
SecretarialQualificationsOrObservationsOrOtherRemarksInSecretarialAuditReport,This element will be mandatory if ' WhetherSecretarialAuditReportHasBeenQualifiedOrHasAnyObservationOrOtherRemarks' is selected as Yes',
DetailsOfSignatoriesOfSecretarialAuditReportAbstract,,
DetailsOfSignatoriesOfSecretarialAuditReportTable,"This table becomes mandatory, if Yes is selected in ""WhetherSecretarialAuditReportIsApplicableOnCompany""",
SignatoriesOfSecretarialAuditReportAxis,,
DetailsOfSignatoriesOfSecretarialAuditReportLineItems,,
CategoryOfSecretarialAuditor,,
NameOfSecretarialAuditFirm,Mandatory if 'Secretarial auditors firm' is selected in 'CategoryOfSecreterialAuditor',
NameOfSecretarialAuditorSigningReport,Should be as per ICSI database based on 'MembershipNumberOfSecretarialAuditor' in any order.,
FirmsRegistrationNumberOfSecretarialAuditFirm,Mandatory if 'Secretarial auditors firm' is selected in 'CategoryOfSecreterialAuditor',
MembershipNumberOfSecretarialAuditor,Should be a valid membership number as per ICSI database. It should be unique in all the dimension members,
CertificateOfPracticeNumberOfSecretarialAuditor,"Should be a valid COP number as per ICSI database. It should be unique in all the dimension members
",
AddressOfSecretarialAuditors,,
PermanentAccountNumberOfSecretarialAuditorOrSecretarialAuditorsFirm,Should be different from the PAN of company. Should be a valid PAN as per Income_Tax_PAN format. It should be unique in all the dimension members,
DateOfSigningSecretarialAuditReport,Should be less than or equal to system date.,
